iPhone 11 Pro MAX XS XR 7 8 Plus Justin Bieber Drew House Smile Shockproof Soft Crystal Clear Couple Phone Case,RM9.03,https://shopee.com.my/iPhone-11-Pro-MAX-XS-XR-7-8-Plus-Justin-Bieber-Drew-House-Smile-Shockproof-Soft-Crystal-Clear-Couple-Phone-Case-i.90161227.4101639750,"Product Details >>>>
1. Material : High quality silicone
2. Applied Device : for iPhone 11 Pro Max XS Max XR 8 7 8plus 7plus
3. Feature : Soft Full Body Wrapped Silicone Case 
Package list >>>>
Package inclued : phone case*1
 
Tips >>>>
1. There are different sizes on the product link. Please kindly choose the correct size. 
2. If it have different color, Please check the product pictures of all colors, then choose the style you need.

#iphone11case #iphonecase #iphonexscase #iphonexsmaxcase #softcase #iphonexr #iphone8 #iphone11pro #iphone7 #iphone11proMaxcase #iphonecover #lovelycase #cute #DrewHouse #Shockproof #JustinBieber #smile#iphone11promax","['""https://cf.shopee.com.my/file/3c5fc9f4a15c3d62958d4879f17a1f29""']"
Digimon case iphone 11 Pro Max/11 Pro/6s plus 7 8/8 plus x xs xr xs max 11/11 por/11 por max cover casing,RM2.08,https://shopee.com.my/Digimon-case-iphone-11-Pro-Max-11-Pro-6s-plus-7-8-8-plus-x-xs-xr-xs-max-11-11-por-11-por-max-cover-casing-i.287446734.7043663299,"‚ú™To view other mobile phone cases in the store, please click #shoujike

‚ú™This is an iPhone shells are like high-quality prints - they are flexible, crack resistant and crack resistant, easy to install and remove, giving you the best long-term protection and design.
The TP TPU smartphone iPhone housing reliably protects the phone against collision damage, scratches, wear or similar hazards.
‚ú™ TPU material has slip resistance, durability, firmness, elasticity and shock absorption.

specification:
100% new high quality
Material: silicone TPU
Type: Fitted Housing/Cover
compatible:
iPhone6/6S
iPhone6plus/6Splus
iPhone7/8
iPhone7plus/8plus
iPhoneX
iPhoneXs
iPhoneXR

package:
1 x phone case

#casingsquishy #casingiphone6 #casingiphon5s #casingcover
#casesquishy #casemurah #caseiphone5 #caseiphone5s
#caseiphone6 #caseiphone6plus #caseiphone7 #caseiphone7plus
#caseiphone8 #caseiphone8plus #caseiphone #caseiphone","['""https://cf.shopee.com.my/file/78d80ebd7e9824a3377f7864695f1372""']"
„ÄêReady Stock„ÄëIPhone Case Matte Minimalist 11 Pro max 6s 6 7 8 Plus XS max XR SE,RM2.88,https://shopee.com.my/„ÄêReady-Stock„ÄëIPhone-Case-Matte-Minimalist-11-Pro-max-6s-6-7-8-Plus-XS-max-XR-SE-i.288026775.7243893380,"‚≠êVinnova‚≠ê
‚Äî‚Äî Focus on 3C boutique products

üåàThere are more mobile phone cases in the store, welcome to choose them.
üåàThere is always one that suits you~


----------------------------------------------------------

‚≠ê„ÄêMaterial„Äë: High quality flexible Flexible TPU material, no peculiar smell
‚≠ê„ÄêType„Äë: Brand new soft phone case, easy to install or remove.
‚≠ê„ÄêFunction„Äë: Excellent appearance, scratch-proof, drop-proof, dust-proof, shockproof, dirt-resistant
‚≠ê„ÄêStyle„Äë: Cute, Soft, Fashion, Cartoon
‚≠ê„ÄêPackage include„Äë: Only 1 piece Phone Case

Note: Colors may have a little difference in real life due to variations between the computer monitors and naked eye color difference. Please confirm if the model and color selection are correct before make orders.

Attention:
iPhone 6 Phone Case is Capable For iPhone 6S
iPhone 6 Plus Phone Case is Capable For iPhone 6S Plus
iPhone 7 Phone Case is Capable For iPhone 8
iPhone 7 Plus Phone Case is Capable For iPhone 8 Plus
iPhone X Phone Case is Capable For iPhone XS

----------------------------------------------------------

 „ÄêCustomer And After Sales Service Satisfaction Guarantee„Äë
‚≠êIf you are not satisfied with your purchase or any question, please contact us first. Please don't leave negative feedback without communication.
‚≠êWe are willing to solve any problems for you.
‚≠êThank you very much
‚≠êHappy shopping","['""https://cf.shopee.com.my/file/83549ec8750d48f49fe5610907b846cb""']"
iPhone 11 / 11 Pro / 11 Pro Max /XR / XS MAX / 7/8/SE-2020/ 7Plus/8Plus TPU Casing Case Cover,RM19.00,https://shopee.com.my/iPhone-11-11-Pro-11-Pro-Max-XR-XS-MAX-7-8-SE-2020-7Plus-8Plus-TPU-Casing-Case-Cover-i.209052499.5442420559,"„ÄêFeature„Äë

üß°100% brand new and high quality.

üß°Material: High Quality Soft Silicone TPU+Electroplating process

üß°Protect your phone from grime, dust, scratching/scraping as well as accidental dropping and banging.

üß°Strong Protection, protect your phone at every side.

üß°Lightweight and ultra slim, perfectly fitted.

üß°Fits perfectly to while providing easy access to functions.


Models Available:

‚úÖApple‚úÖ
iPhone 6/6S
iPhone 6/ 6S Plus
iPhone 7/8/SE 2020
iPhone 7/8 Plus 
iPhone X/XS/XR
iPhone XS MAX
iPhone 11
iPhone 11 PRO
iPhone 11 PRO MAX",none
new phone case Conch Shell Marble Phone Cases For iPhone 7 8 Plus Glitter Soft Matte TPU Cover Case For iPhone 6S X XS MAX XR Phoen case iphone 11 promax Fashion cute phone case For iphone 11,RM9.79,https://shopee.com.my/new-phone-case-Conch-Shell-Marble-Phone-Cases-For-iPhone-7-8-Plus-Glitter-Soft-Matte-TPU-Cover-Case-For-iPhone-6S-X-XS-MAX-XR-Phoen-case-iphone-11-promax-Fashion-cute-phone-case-For-iphone-11-i.281277280.3444527187,"Features: Conch Shell Marble iphone case
Compatible Brand: Apple iPhones
Compatible iPhone Model: IPHONE XS MAX
Compatible iPhone Model: IPHONE 8 PLUS
Compatible iPhone Model: iPhone 7 Plus
Compatible iPhone Model: iPhone 6s plus
Compatible iPhone Model: iPhone 6 Plus
Compatible iPhone Model: iPhone 7
Compatible iPhone Model: IPHONE 6S
Compatible iPhone Model: iphone xs
Compatible iPhone Model: IPHONE X
Compatible iPhone Model: IPHONE 8
Compatible iPhone Model: iPhone 6
Compatible iPhone Model: IPHONE XR
Design: Glitter
Design: Marble
Function: Dirt-resistant
Function: Anti-knock
Material: Silicone, TPU
Type 1: iphone 7 8 case
Type 2: iphone x xs case
Type 3: For iPhone 7 Case
Type 4: For iPhone 8 Case
Type 5: iphone xr case
Type 6: iphone xs max case
Type 7: iphone 6 6s case
Type 8: iphone 7
Type 9: iphone 11
Type 10: iphone 11pro
Type 11: iphone 11 pro max","['""https://cf.shopee.com.my/file/ae84c46ec577c07683c0d62d6c23c47c""']"
Case Iphone 5 5s se 6 6s 7 8 plus X XS Max XR SE 2020 Silicon Soft Thin Casing Cover,RM1.50,https://shopee.com.my/Case-Iphone-5-5s-se-6-6s-7-8-plus-X-XS-Max-XR-SE-2020-Silicon-Soft-Thin-Casing-Cover-i.134022461.2196240991,"SpecificationÔºö
100% Brand New with High Quality
Type: Soft Phone Case

Main Characteristics:
- resilient and shock-absorbing
- scratch-resistant
- light Weight","['""https://cf.shopee.com.my/file/de973e22e2238a4b236dfd9537a46a7f""']"
NEW Fashion DHL Shockproof Armor Case iPhone11 11Pro XS Max X XR TPU Case iPhone 7 8 Plus 6 6s Plus Silicone Case,RM0.16 - RM6.20,https://shopee.com.my/NEW-Fashion-DHL-Shockproof-Armor-Case-iPhone11-11Pro-XS-Max-X-XR-TPU-Case-iPhone-7-8-Plus-6-6s-Plus-Silicone-Case-i.137804208.2282937883,"This product is of high quality (not low configuration) (we do not compare the price, we provide only the best quality)
----------------Why CHOOSE US-----------------
(Welcome to our shopt)
1.Ours shop specializes in 3C accessories for 10 years: mobile phone case, charger, 3C peripheral electronic products...
2.All products in this store are 100% brand new high quality
3.All goods are in stock
4.Shipped within 1 days after ordering
""Follow"" our +5 star screenshot and get an extra 11% discount on the next order (Get a discount coupon via chat)

--------------PRODUCT DESCRIPTION--------------
Product Description
100% Brand New, Quality Assurance, Secure Packaging
Available Models For: 
Compatible iPhone Model : iPhone 7 8 (4.7 inch)products are universa.
Compatible iPhone Model : 7plus/8plus (5.5inch)products are universa.
Compatible iPhone Model : iPhone X XS products are universa.
Compatible iPhone Model : iPhone XS MAX
Compatible iPhone Model : iPhone XR
Function:dust-proof/Anti-knock / Dirt-resistant / Shockproof / Anti-Fall
Feature: Good Looking and Good Touch Feeling
Design: Fitted Case (color New Shockproof Case)
Material: Flexible Silicone / TPU Shockproof
Sales Way:Wholesale and retail

About Shipment
1.All orders are shipped from China,6~12 days for transportation.
2.Please double check your order before doing payment,we can not cancel it once it was shipped out.
Please feel free to inbox (chat) us if you need more info. Thanks
If you are looking for a quality 3C products, please choose us

#phonecase #iphonecasing #iphonexr #iphonexscase #iphonex #iphonecase #iphone11case #casingiphone6 #iphone11promax #iphone11procase #iphone8case #iphone7pluscase #iphone11 #iphonexcase #casingiphone #iphonexsmaxcase #iphone #caseiphone",none
iPhone 11 11 Pro Max XR XS Max X 6 6S 7 8 6Plus 8Plus SE2 2020 Case Cover Clear Candy Colors Soft Case,RM1.98,https://shopee.com.my/iPhone-11-11-Pro-Max-XR-XS-Max-X-6-6S-7-8-6Plus-8Plus-SE2-2020-Case-Cover-Clear-Candy-Colors-Soft-Case-i.91456007.2443986906,"Welcome to our shop! we are not only cheap, but also beautiful! We promise: If the product has quality problems, please replace it!
  The phone case thickness of this product is 1.5 Ôºåborder seamless back cover clear the texture is very good. Available in 9 colors, available in stock for fast delivery.
  Due to the lack of an option bar, please contact customer service if you need additional colors.

1.100% brand new high quality case
2. Clear Anti-knock shockproof case
3. Material: High Quality Soft TPU
4. Protect surface against scratch marks ,dust , fingerprints
5. Compatible : For iPhone 11/ 11Pro/11Pro Max /X/XS /XS Max/XR/8 7 6 6S Plus
6.Color:Transparent Black,Transparent Blue,Transparent Pink,Transparent White,Transparent Green (Transparent Yellow,Transparent Dark Blue,Transparent Red,Transparent Purple,Contact Customer ServiceÔºâ

Package include:
1 x Phone Cases","['""https://cf.shopee.com.my/file/0bd322bdeb406bf7f33b34be2f88a3cc""']"
iPhone 11 Pro Max X Xs Max XR iPhone 7 Plus 8 Plus iPhone 6 Plus 6S Plus SE 2020 Casing Candy Color Soft TPU Phone Case Cover,RM1.99,https://shopee.com.my/iPhone-11-Pro-Max-X-Xs-Max-XR-iPhone-7-Plus-8-Plus-iPhone-6-Plus-6S-Plus-SE-2020-Casing-Candy-Color-Soft-TPU-Phone-Case-Cover-i.178785269.4930708862,"Tips:
This product is really in stock. After you pay, the item will be shipped out within 1 working day.

Compatible ModelÔºö
iPhone 6 / 6S
iPhone 6S / 6S Plus
iPhone 7 / 8 /SE2020
iPhone 7 Plus / 8 Plus
iPhone X / Xs
iPhone Xs Max
iPhone XR
iPhone 11
iPhone 11pro
iPhone 11promax

Product Features:
  -Material : Soft TPU. 
  -Advantages : Protect your phone from shock , scratches , dust and fingerprint.
  -Appendix : Easy to remove and install.Access to all buttons and controls, no need to remove when charging, plugging in, adjusting volume or switching on/off.

#iphonexcasing #iphonexscasing #iphonexsmaxcasing #iphonexrcasing #iphone7casing #iphone7pluscasing #iphone8casing #iphone8pluscasing #iphone6casing #iphone6pluscasing #iphone6scasing #iphone6spluscasing #iphone5casing #iphone5scasing #iphonesecasing","['""https://cf.shopee.com.my/file/f5c155d2154bcb712f1bb0b78c3a7872""']"
iPhone 11 11 Pro 11 Pro Max 7plus 8plus 7 8 6 6s Liquid Silicone Soft Case Full Camera Protection cover casing,RM5.81 - RM6.27,https://shopee.com.my/iPhone-11-11-Pro-11-Pro-Max-7plus-8plus-7-8-6-6s-Liquid-Silicone-Soft-Case-Full-Camera-Protection-cover-casing-i.220028521.6019068736,"‚òÖ‚òÖ‚òÖ Follow us and get a coupon of up to RM5 minus RM0.5 ‚òÖ‚òÖ‚òÖ

BUYER NOTICE:
‚ù§ Please choose the right model and right color which you want.
‚ù§ This proudct is READY STOCK,please buy with confidence.
‚ù§ Please make sure your address is correct,as we can't changed the address.

model:
iphone 6 / 6s
iphone 7/8
iphone 7plus /8 plus
iphone 11
iphone 11 pro
iphone 11 pro max

feature:
1. Above the edge of the phone, each edge is well protected. Easy to touch.(*Ôø£3Ôø£)‚ï≠
2. Soft coating to protect the phone from scratches. Shockproof, anti-collision.o(Ôø£ŒµÔø£*)
3. Full camera protection.o(Ôø£ŒµÔø£*)

#iphone case #iphone casing #case iphone #casing iphone #iphone 11 case #iphone 11 pro case #iphone 11 promax case #iphone 11 casing #iphone11procasing #iphone7pluscasing #iphone8pluscasing #iphone7casing #iphone8casing #Silicone #freegift #freeshiping ##phonecase",none
Shockproof Silicone Bumper Phone Case iPhone X Xs Max XR 6 6s 7 8 Plus 11 PRO MAX Transparent Matte Hard Cover,RM4.95,https://shopee.com.my/Shockproof-Silicone-Bumper-Phone-Case-iPhone-X-Xs-Max-XR-6-6s-7-8-Plus-11-PRO-MAX-Transparent-Matte-Hard-Cover-i.137804208.2783703816,"Shockproof Silicone Bumper Phone Case For iPhone Xs Max X 7 8 Plus Fundas Transparent Matte Hard Protective Cover For iPhone Xr
Retail Package : Yes
Type : Fitted Case (color 2019 New Shockproof Case)
Features : Hybrid Matte Phone Case
Function : Dirt-resistant
Function : Anti-knock
Function : Heavy Duty Protection
Compatible Brand : Apple iPhones
Compatible iPhone Model :„Ää iPhone 6 6s products are universa„Äã
Compatible iPhone Model :„Ää iPhone 7 8 products are universa„Äã
Compatible iPhone Model : „Ää6plus/6splus products are universa„Äã
Compatible iPhone Model : „Ää7plus/8plus products are universa„Äã
Compatible iPhone Model : „ÄäiPhone X XS products are universa„Äã
Compatible iPhone Model : „ÄäiPhone XS MAX„Äã
Compatible iPhone Model : „ÄäiPhone XR„Äã
Compatible iPhone Model :„ÄäiPhone 11„Äã
Compatible iPhone Model :„ÄäiPhone 11 Pro„Äã
Compatible iPhone Model :„ÄäiPhone 11 Pro Max„Äã

#LuxuryCase #TPUCase  #SoftCase  #Shell  #Case  #Cover  #Casing  #PhoneCase #SiliconCase  #PhoneCover  #PhoneCasing  #iPhoneCase  #iPhoneCover  #CoupleCase  #CuteCase  #CartoonCase  #BrandCase  #iPhoneCasing",none
"üåàReady Stocküíù IPhone 6/6s Plus 7/8 SE 2020 7p/8 Plus X XS mas XR 11 PRO Max Art Sculpture

 Case Silicone Soft Cover",RM3.99,https://shopee.com.my/üåàReady-Stocküíù-IPhone-6-6s-Plus-7-8-SE-2020-7p-8-Plus-X-XS-mas-XR-11-PRO-Max-Art-Sculpture-Case-Silicone-Soft-Cover-i.206030954.3832509442,"1.100% brand new
2 material: made of liquid silicone rubber
3. Compatible phone models: for iPhone version
4. The design is novel, easy to wear and easy to disassemble.
5. Durable and washable
6. Protect you from dust, scratches and vibrations.
7. Protect your valuables from scratches and damage.

iPhone 6 Phone Case is Compatible with iPhone 6S     
iPhone 6 Plus Phone Case is Compatible with iPhone 6S Plus  
iPhone 7 Phone Case is Compatible with iPhone 8    
iPhone 7 Plus Phone Case is Compatible with iPhone 8 Plus   
Phone X Phone Case is Compatible with iPhone XS  

Note: Due to the the color difference between the computer monitor and the naked eye, the color may be a little different in real life. Please confirm that the model and color selection are correct before placing the order.

If you are not satisfied with your purchase or have any doubts, please contact us first. We will try our best to solve any problems for you.
Thank you very much!

#iphonecase #casingiphone #iphone8case #iphone8plus #iphonexscase #iphonexrcase #iphone7case #iphone 7 plus case #iphonexcase #iphone 6s case #iphone 6 pluscase #iphone 6 case #iphone 6s plus case #iphone xs ma xcase #soft case #cutecase #iphone 6 casing #iphone 6scasing #iphone11 case #iphone 11 pro case #iPhone 11 pro max case #iPhone SE case#lover phone case#kes telefon bimbit","['""https://cf.shopee.com.my/file/5763fec79f9d0968ff22192f3e87b203""']"
Treding Desing Anti-fall Case IPhone 11 11Pro 11ProMax 6 6s 7 8 6Plus 7Plus 8Plus X XS XR XSmax Matte Soft Cover,RM4.19,https://shopee.com.my/Treding-Desing-Anti-fall-Case-IPhone-11-11Pro-11ProMax-6-6s-7-8-6Plus-7Plus-8Plus-X-XS-XR-XSmax-Matte-Soft-Cover-i.25479411.5122423960,"-->Product Description<--
Compatible Phone Model:
iPhone 6/6s(4.7)
iPhone 6Plus/6sPlus(5.5)
iPhone 7/8(4.7)
iPhone 7Plus/8Plus(5.5)
iPhone X/XS(5.8)
iPhone XR(6.1)
iPhone XSmax(6.5)
iPhone 11(6.1)
iPhone 11Pro(5.8)
iPhone 11ProMax(6.5)

Material:  TPU/Silicone/1.5mm
Feature:With lanyard hole

->1. Fashion Cartoon Matte Phone Case
->2.Simple Painting Pattern Phone Back Cover 
->3.With high quality and low price
->4.Protects your phone from dirt,scratches,dings and shock
 
-->To See More Similar Case:
 
-->Our Service<--
->1.Fast Shipping + Timely Warm Reply + Positive Attitude.
->2.Quickly Solve the Problem for Every Customer.
->3.Drop Shipping Support! Mixed Color Support! Wholesale Support!

Case Package:Opp Bag
Packege inclube:1PCS Case
 

#iPhone11 #iPhone11Pro #iPhone11ProMAX #11Ppromax  #iPhone11case  #iPhone11Procase  #pinkcase #11Ppromaxcase  
#iPhone6 #iPhone6s #iPhone6case #iPhone6scase  #caseiPhone6 #caseiPhone6s #pink","['""https://cf.shopee.com.my/file/95b701c3e92310870519c04344342aa8""']"
Green Plant Casing iphone 5S 5 5SE 6S 6 7 8 Plus X XS XS MAX Flower Leaves Silikcone Soft Cover Shell,RM1.92,https://shopee.com.my/Green-Plant-Casing-iphone-5S-5-5SE-6S-6-7-8-Plus-X-XS-XS-MAX-Flower-Leaves-Silikcone-Soft-Cover-Shell-i.134022461.6010188315,"
Feature
Dirt-resistant, wear resistant.
Glossy smooth surface.
Soft, Flexible
Extremely Transparent, the thinnest iPhone case can be - 0.3mm!
TPU material makes it much more resistive to cuts and abrasions than regular rubber.
Easy access to all ports, controls, and buttons.
#cartooncase
#applecase
#clearcase
#cartooncase
#iphone
#tpucasing 
#softcase
#iphone8
#iphone8plus
#8pluscase
#iPhone6s
#iphone7  
#silikoncase
#applecase
#casing 
#cover","['""https://cf.shopee.com.my/file/d39b9651bb871bf4deec4ce363d71dd7""']"
IPHONE 4 4S 5 5S SE 6 6S 7 8 PLUS ANTI SHOCK SOFT TPU TRANSPARENT CLEAR BUMPER CASE,RM1.90,https://shopee.com.my/IPHONE-4-4S-5-5S-SE-6-6S-7-8-PLUS-ANTI-SHOCK-SOFT-TPU-TRANSPARENT-CLEAR-BUMPER-CASE-i.28277393.864145228,"1. Flexible TPU Perimeter with Crystal Clear Transparent Backside
2. Easy To Slide In/Out Of Your Pocket
3. TPU Material Provides Enhanced Grip - Elevated Anti-Shock Bumpers at All 4 Corners
4. Your Phone Remains Fully Functional In Case With Access To All Ports
5. See-Thru Transparent Design Will Showcase the Original Appearance of Your Phone

NOTICE:
1. All pictures shown are for reference ONLY
2. Due to the light difference, the color may be slightly different.
3. Most of our product are ready stock, you also be advised to contact us for stock (color) availability before you proceed your purchase & payment.

Package included: 
1 pcs case","['""https://cf.shopee.com.my/file/f09cb47c4601ba238337b568b9f6d046""']"
iPhone 6 6s 7 8 Plus X XS MAX XR Cute We Bare Bears Soft Cases tpu silicon back cover shell,RM2.49 - RM2.79,https://shopee.com.my/iPhone-6-6s-7-8-Plus-X-XS-MAX-XR-Cute-We-Bare-Bears-Soft-Cases-tpu-silicon-back-cover-shell-i.117502957.7413232331,"Function : Great protection from dirt, scratch and damages
Style:Fashion/ Cute/Stylish/Simple/Personalized

#caseforiphone #iphonecover #softcasing #mirrorcase #iphone6cover #iphone6case #iphone6scase #iphone6pluscase #iphone6spluscase #iphone7cover #iphone7pluscover #iphone8casing #iphone8pluscase #iphonexcover #phonebackcoverforiphone6  #casingiphone #iphonecases","['""https://cf.shopee.com.my/file/c8024cc28301d3f15dd56ab2fd1ca0b5""']"
[Readystock] Shockproof Silicone Phone Case iPhone X Xs Max XR 6 6s 7 8 Plus 11 PRO MAX Transparent Matte Hard Cover,RM5.57,https://shopee.com.my/-Readystock-Shockproof-Silicone-Phone-Case-iPhone-X-Xs-Max-XR-6-6s-7-8-Plus-11-PRO-MAX-Transparent-Matte-Hard-Cover-i.122184496.4810262141,"Description:
1. Full around design , smooth matte frame , snug grip
2. Matte back, anti-scratch and fingerprints resistant 
3. Different colors button , fashionable 
4. Firm Fitting ,easy access to all phone features
5.Anti-drop, anti-fingerprint
Compatible with:iphone 6 6s 7 8 Plus / x xs max xr / 11 11 pro max

#iphonecase #iphone7case #iphone8case #iphonexscase #iphonexsmax #likgus #shockproof #iphonexrcase",none
iPhone 5s 6 6s 7 8 plus X XS XR XS MAX Airbag Transparent Clear TPU Cover Case„ÄêReady Stock„Äë,RM0.99 - RM1.00,https://shopee.com.my/iPhone-5s-6-6s-7-8-plus-X-XS-XR-XS-MAX-Airbag-Transparent-Clear-TPU-Cover-Case„ÄêReady-Stock„Äë-i.140948762.2167917760,"#LYstorePhoneCase  ‚Üê‚ÜêClick here to have more fashion and cheap phone case!
Dear friend, our store is on big promotion! You can get your special PROMO CODE in our homepage!
If you have any question, please contact us directly! Thanks!

1.100% Brand New
2.Material: Soft TPU
3.Compatible Phone Model: iPHONE 
4.Fashion design, easy to put on and easy to take off.
5.Perfectly fits the shape.
6.Durable and washable.
7.Protect your from dust, scratching and shock.
8.Protect your valuable investment from scratched and damage.
Package included:
1 pcs case 
#iPhone7plus  #iphonecase  #iphonecover #caseiphone #casing #iphonesoftcase  #case  #cover  #clear #fashion #iphone5scasing  #iPhone8case #6scase #xrcase #xscase #xsmaxcase","['""https://cf.shopee.com.my/file/41ee7925ae336009131f108a524dabed""']"
Glitter Anti-drop Phone Case iPhone 11 Pro Max X XR XS MAX 6 6s 7 8 Plus Transparent Soft TPU Shining Back Cover,RM7.19,https://shopee.com.my/Glitter-Anti-drop-Phone-Case-iPhone-11-Pro-Max-X-XR-XS-MAX-6-6s-7-8-Plus-Transparent-Soft-TPU-Shining-Back-Cover-i.132181497.2111393281,"Why buy from us?

üì¶100% Ready Stock
üöÄ1-2 Days Fast Posting  (Mon-Sat)

‚úÖQuality Assurance
‚úÖ Secure Packaging
‚úÖ 100% Brand New
‚úÖ Double Check Before Post

Available colors: Gray,White,Pink
Available models: Iphone 6/6s, 6p/6s plus, 7, 7p, 8, 8p, X,XR,XS,XS MAX,11,11 Pro,11 Pro Max

Product Description
-High quality TPU + Silicon Gel material 
-High quality Military grade protection case, 5 times stronger than normal case
-Air-cushion technology provide full protection
-Anti-drop, Anti-shock, provide protection when dropped 
-Good looking and good touch feeling
-Features:  glitter,  Shockproof
-Fashionable casing for Iphone

Package includes:
1X Phone case

1.Please feel free to inbox (chat) us if you need more info. Thanks^^
2.If you receive a product and find that there is a problem with the product, please contact us at the first time to help you solve it.


#PhoneAccessories #AcrylicCase #Casing #Case #iPhone #iPhoneXSMaxCase #CasingiPhoneXR #iPhoneXSCase #iPhone8PlusCasing #iPhone7Plus #Coloful #ShockproofCase #iPhoneCasing #iPhone6SPlusCase #SiliconeCase #TransparentCase #CasingiPhoneXSMax #iPhone6S78PlusXSMaxCasing","['""https://cf.shopee.com.my/file/d433522d8b325a0e6004cba28673d252""']"
Case iPhone Xsmax XR X 6 6s s 7 8 6Plus 6sPlus 7Plus 8Plus 11 11Pro 11ProMax Pure Color Case,RM1.43,https://shopee.com.my/Case-iPhone-Xsmax-XR-X-6-6s-s-7-8-6Plus-6sPlus-7Plus-8Plus-11-11Pro-11ProMax-Pure-Color-Case-i.31866238.5510484891,"-->Product Description<--
Compatible Phone Model:6 6s 7 8 6Plus 6sPlus 7Plus 8Plus XsMax / Xs / Xr/11/11PRO/11ProMax
Material:  TPU/Silicone/1.2mm
Feature:With lanyard hole

iPhone 5=iPhone 5s=iPhoneSE
iPhone 6=iPhone 6s(4.7)
iPhone 7=iPhone 8(4.7)
iPhone 6plus=iPhone 6splus (5.5)
iPhone 7plus =iPhone 8plus  (5.5)
iPhone X=iPhone XS(5.8)
iPhone XR(6.1)
iPhone XSmax(6.5)
iPhone 11(6.1)
iPhone 11Pro(5.8)
iPhone 11ProMax(6.5)

->1. Fashion Cartoon Matte Phone Case
->2.Simple Painting Pattern Phone Back Cover 
->3.With high quality and low price
->4.Protects your phone from dirt,scratches,dings and shock
 
-->To See More Similar Case:#BeeMS
 
-->Our Service<--

AttentionÔºöPlease make sure your order and remarks are the same. If the two conflict with each other, we will take the order as the standard.

->1. Please ensure that the product model, color, shipping address and telephone number of the order are all correct before Place the order.
->2 .Our products are available. We will deliver them within 1-3 working days after your payment.
->3.Fast Shipping + Timely Warm Reply + Positive Attitude.
->4.Quickly Solve the Problem for Every Customer.
->5.Drop Shipping Support! Mixed Color Support! Wholesale Support!
->6.Five Star FeebackÔºåContact the service get the discount for next order

Case Package:Opp Bag/if you are Resellers/DropshipperÔºåPlease contact the service to confirm the Case Package.
Packege inclube:1PCS Case

#iphone6 #iphone6s #iphone6plus #iphonexs #iphonexr #iphone7 #iphone7plus #iphone8#iphone8plus #iphonex #cartoon #iphonexsmax #caseluggage #cute #LuggageCase #caseiphone11 #caseiphone11pro #caseiphone11promax","['""https://cf.shopee.com.my/file/935912bff7480e3b660910ccde2f9708""']"
Apple IPhone 7 7plus iphone 8 8Plus official same silicone case #iphone7/8p,RM5.96,https://shopee.com.my/Apple-IPhone-7-7plus-iphone-8-8Plus-official-same-silicone-case-iphone7-8p-i.88193385.1852582644,"welcome to our shop! We are not only cheap but beautiful! We promise: If the product has quality problems, please replace it!

Delivery time: The order will be sent the next day!
iPhone 6 and iPhone 6s phone case are universal
iPhone 6P and iPhone 6sP phone case are universal
iPhone 7 and iPhone 8 phone cases are universal
iPhone 7P and iPhone 8P phone case are universal
The iPhone X and iPhone XS are universal

Since the factory is not a dust-free factory, dust may fall into the production process, which may cause the eyes to see small holes or small spots. This is normal and not included. Perfectionists should not buy. Thank you!

special reminder:
There are 40 colors to choose from! If you can't find your favorite color in this link, please contact us.


üåü From the external material: ""Flannel"" - ""Hard PC"" - Three sides ""Liquid Silicone""
Silicone products are thin, can be dropped, and are stronger than similar products.
This type of skin is a sticky and black hairstyle. Careful consideration should be given to patients with cleanliness and depression
This material is usually stain resistant and can be used normally. If it is gray, wipe it with a damp cloth. For example, sweat, always clean it.
MMaterial: liquid silicone, self-healing
üåüApplicable models: iPhone x iphone xs


üó£üó£üó£: Turn off the alarm
This is a very good case, so a full 3D model may slip into the protective sticker.
The basic situation is much weaker. Be careful when disassembling
It is not recommended to buy envelopes. Extra thick envelopes can cause the phone case to not work properly.
If the stain is too long, it cannot be removed.
#iphone6/6S #iphone6P/6SP #iphone7/8 #iphone7P/8P #iphoneX/XS #iphoneXR/MAX","['""https://cf.shopee.com.my/file/d4f6a1feff4aa0d36714672cf333eba7""']"
APPLE IPhone 6 6S Plus 7 7 8 Plus X XR XS MAX NEW Tough Transparent Case,RM4.50 - RM8.50,https://shopee.com.my/APPLE-IPhone-6-6S-Plus-7-7-8-Plus-X-XR-XS-MAX-NEW-Tough-Transparent-Case-i.5340857.1682995427,"APPLE IPhone 6 6S Plus 7 7 8 Plus X XR XS MAX Tough Transparent Case

Reason Buy From US:
- 100% Ready Stock
- Fast Shipping & Delivery
- Lowest Price in Shopee
- Good Customer Service                                                                                                                                                                                                     - Returns & Exchanges SABAH & SARAWAK customer PLEASE TAKE NOTED: If you using poslaju Free shipping by Shopee, Please bear in mind there will 90 % chances parcel will be delay for one week or more. If you mind, please dun placed order!

If you aren‚Äôt happy with your purchase, notify us within 10 days of received, and we will take it back for a full refund or exchange it. 
Damaged or Defective Product: If an item arrives damaged please notify us within 3 days of receipt and we will make arrangements for a replacement or refund as necessary.  
Seller Contact: 017-6696399
Shop Klang Parade Basement Econsave contact: 0333596763 /  KEVIN 017-5961838","['""https://cf.shopee.com.my/file/07bfdc528eca2b7b6a6d8719bbbe6457""']"
IPhone 7 8 Plus Case 15 Colors In Iphone Cover iphone case soft cover Full Coverage,RM0.98 - RM1.88,https://shopee.com.my/IPhone-7-8-Plus-Case-15-Colors-In-Iphone-Cover-iphone-case-soft-cover-Full-Coverage-i.145022594.7411335679,"IPhone 7 8 Plus 14 Colors In Iphone Cover iphone case soft cover Full Coverage
Please vist below for:
IPhone 11 11Pro Max :https://shopee.com.my/product/145022594/7811334583/
IPhone X/XS XR XRMAX :https://shopee.com.my/product/145022594/5017394845/
IPhone 5 5s 6 6s 6p 6sp :https://shopee.com.my/product/145022594/7117394333/

","['""https://cf.shopee.com.my/file/78461ccdf4899f07bf1d4dc3fda169b5""']"
„ÄêFully Covered„Äë silika Case IPhone 6 6s 7 8 plus XR XS MAX,RM6.87 - RM6.98,https://shopee.com.my/„ÄêFully-Covered„Äë-silika-Case-IPhone-6-6s-7-8-plus-XR-XS-MAX-i.88193385.2322007752,"üî•üî•Each order will be send out on the current day when order confirm before 12.00 AM.üî•üî•ÔºàNot shipping on SundayÔºâ

üì±[Purchase Notes]‚úç:

üîî1. Our phone case has 27 colors for your choose,please remark color No.as remark when you order Ôºàyou can reference photo 9Ôºâ‚úç

üîî2. Specifications:
          üëâ Great protection from dirt, scratch and damages.
          üëâ Soft design to present the original beauty of your phone.
          üëâ Constructed from shock absorbent, shatterproof, and anti-scratch material.
          üëâ Features: Anti-Dust, Shockproof, Simple Design, Durable, Perfect Fit, Clear

üîî 3. Material: Genuine Silicone

üîî 4. Compatible Brand: for iPhone

üîî 5. Compatible Model as below: 

IPhone 6/6s,  
IPhone 6 Plus/6s Plus,
IPhone 7, 
IPhone 7 Plus, 
IPhone 8,
IPhone 8 Plus,
IPhone X, 
IPhone XS,
IPhone XR,
IPhone XS MAX.

üîî  6. Due to the light and screen setting difference, the item's color may be slightly different from the pictures.

üîî 7. Package Includes:
1 x Phone Case (The phone is not included.)

 ‚úç Order NOW and remark color number for our correct send out ‚úç","['""https://cf.shopee.com.my/file/dde3956f0a643b5e2654619e77b60aa7""']"
Ready Stock Case Iphone 11 pro max 6 6s 7 8 plus xr xs max glass candy PC Phone Case hard Case cover,RM6.05 - RM6.23,https://shopee.com.my/Ready-Stock-Case-Iphone-11-pro-max-6-6s-7-8-plus-xr-xs-max-glass-candy-PC-Phone-Case-hard-Case-cover-i.166585388.2673919158,"



Seven reasons tell you why you buy from us?

1:100% spot
2: fast delivery
3: Quality Assurance
4: Safe packaging
5:100% brand new
6: Check carefully before mailing
7: 2019 most popular macaron color, even iphone11 color is macaron, macaron = young people

Available colors: red blue pink green yellow white black
Available models: Iphone 6 / 6s, 6p / 6s plus, 7, 7plus, 8, 8plus, X, XR, XS, XS MAX
iphone  11     iphone 11 Pro   iphone 11 Pro Max (Iphone 11 Please contact the store manager to order)

product description:
¬†- High-quality TPU+PC material, the back cover is made of glass, and the all-inclusive edge is soft (easy and safe to install)
¬†- High quality protective cover, 5 times stronger than normal, tough
¬†- Precise hole position for full protection
¬†- Anti-fall, shockproof, protection when dropped
¬†- Good appearance and good touch

¬†- Features: shockproof, resistant to falling, restore original appearance
¬†- For the stylish case of Iphone, what are you waiting for? You deserve to have ~!

The package includes:
1X phone case

[about the last]

1. If you need more information, please feel free to inbox (chat) us. Thank you ^^
2. If you receive the product and find that the product has a problem, please contact us at the first time to help you solve it.
3. Welcome to follow us and pay close attention to our latest updates!
4. If you want to have no other models in our store. please contact me.
5. We support wholesale and retail. If you want more than 5 pieces or more, you can leave us a message and we can give you the best price.
6. Each order can be sent as soon as possible.


#PhoneAccessories #Casing #Case #iPhone #iPhoneXSMaxCase #CasingiPhoneXR #iPhoneXSCase
#iPhone8PlusCasing #iPhone7Plus #iPhoneCasing #iPhone6SPlusCase
#CasingiPhoneXSMax  #TemperedGlassCase #GlassCase #IphoneCase
#IphoneHardcase #ProtectiveCase #MirrorGlassCase",none
‚ú® iPhone 5 5s SE 6 6s 8 7 Plus X XS Max XR 360 Degree Full Cover Soft Phone Case,RM4.78,https://shopee.com.my/‚ú®-iPhone-5-5s-SE-6-6s-8-7-Plus-X-XS-Max-XR-360-Degree-Full-Cover-Soft-Phone-Case-i.100353314.1804751833,"Features:

*100% Brand New, High quality Original phone case.
*Material: Soft Silicon
*Style : Luxury 360 Degree full cover Soft Silicone Phone Case
*Function: Full Protective Shock-Proof + Scratch-Resistant + Anti-Skid +Dirt-resistant 
*Design:Business,
*Function:360 full cover
*Support:retail
*Package includes:Phone Case 
*Size:Mobile Phone Case For iphone

Compatible with:  #softcase #iphoneXS #iphoneXR #iphoneXSMax #Softsiliconecase #360phonecase #iphoneX #iphone8 #iphone8Plus #iphone7 #iphone7Plus #iphone6S #iphone6SPlus #iphone6 #iphone6Plus #iphone5 #iphone5S
#iphoneSE
100% Ready Stock
Trusted Seller
Fast Shipping & Delivery
Lowest Price in Shopee
Good Customer Service",none
Candy Color Phone Case iPhone 6s 6 7 8 Plus iPhone SE 2020 11 Pro Max XR X XS MAX Matte Macaron Camera Protection Cover,RM5.74,https://shopee.com.my/Candy-Color-Phone-Case-iPhone-6s-6-7-8-Plus-iPhone-SE-2020-11-Pro-Max-XR-X-XS-MAX-Matte-Macaron-Camera-Protection-Cover-i.29551177.3431790061,"Case iPhone 11 Pro Max iPhone 6 6s 7 8 Plus iPhone XR X XS MAX Cute Cartoon Peach Cases Soft Transpareent Casing Cover

BUYER NOTICE:
‚ù§Please check the code number on the top of the picture.

100% Brand New
 Perfect fit for your phone 
 Effectively prevent dust and scratches,shockproof
 Note:not required tool for installation,just snap on the phone

Package included:1 Package = 1 Case

Material: Silicon + Acrylic     Soft edge ,Hard back


Compatible with:
iPhone 6/6s 
iPhone 6plus/6splus
iPhone 7/8
iPhone 7plus/8plus
iphone x/xs
iPhone xr
iPhone xs max
iPhone 11
iPhone 11pro
iPhone 11pro max
iPhone SE 2020


#casehp #caseiphone6 #caseiphone6plus #caseiphone8plus #caseiphonex #caseiphonexr #caseiphone8 #caseiphone #CasingMurah #candycase #caseiphone7plus #caseiphone6s #caseshockpoof #CameraProtection #customcase #caesiphone11 #casinghp #caseiPhoneSE #MacaronCase #CandyCase","['""https://cf.shopee.com.my/file/45a1dd7ec7d6b6fe763480a2ae15269c""']"
IPhone 6 6S XSMAX XR XS X  7 8 Plus 5 5S SE Logo Phone Case Soft TPU Cover,RM3.29,https://shopee.com.my/IPhone-6-6S-XSMAX-XR-XS-X-7-8-Plus-5-5S-SE-Logo-Phone-Case-Soft-TPU-Cover-i.158862167.2435980095,"üòçüòçUp to 90% off for Uhoor new store openingÔºÅÔºÅÔºÅ üëç
More Offer Case Please follow us and go to our store to buyÔºÅÔºÅÔºÅüòç

Welcome to ‚ÄúUhoor‚Äù Mall!

Description:
‚úîÔ∏èsoft TPU Phone Case
‚úîÔ∏èMaterial: TPU
‚úîÔ∏èFashion design, easy to put on and easy to take off.
‚úîÔ∏èProtect your from dust, scratching and shock.
‚úîÔ∏èDurable and washable.
‚úîÔ∏èCompatible Phone Model: For iPhone 6 6s Plus 7 8 Plus X XR Xs max 5 5S SE
‚úîÔ∏èPackage included:1*pcs case

‚Äî‚Äî‚Äî‚Äî‚Äî‚Äî‚Äî‚Äî‚Äî
SHIPPING INFO
‚Äî‚Äî‚Äî‚Äî‚Äî‚Äî‚Äî‚Äî‚Äî
üíü Ready stock item
üíü 100% brand new item
üíü Order will shipped out within 2 days
üíü All item ship out by SHOPEE platform

We do support wholesales , bulk purchase & drop shipping service
If you want to cooperate, please contact us.

If you are satisfied with our goods ,please give us a five stars rate and pay attention to our shop , it will courage us to work better .Rating is very important for us , we are very appreaciate for your support .

#IPhoneAccessories #case #iphone #Xrcase #Cover #Phone #caseiphone #iphone8case #iphone8pluscase #iphone7pluscase #iphonexsmaxcase #iphonexcase #iphoneCase #iphoneXRcase #iphonecase #iphonecover #iPhoneCasing #Casing","['""https://cf.shopee.com.my/file/870f49d6314638d38eb2dac6ab9a0962""']"
Case IPhone 11 11Pro Max X XS Max XR 7 8 Plus 6s 6 SE 2020 Silicone Original Liquid Case 41 Colors In Iphone Cover Full Coverage,RM5.79 - RM9.87,https://shopee.com.my/Case-IPhone-11-11Pro-Max-X-XS-Max-XR-7-8-Plus-6s-6-SE-2020-Silicone-Original-Liquid-Case-41-Colors-In-Iphone-Cover-Full-Coverage-i.64390858.2299894058,"üí•Note: When you place the order, please write down the colour code(1-41) in massage, then we will arrange your order according to it. Thank you!

üí•Note: If you don't have the color of the note, we will send the color randomly, thank you

‚ñ≥Note: The case might get stained in using. Check the video, you could wipe it off with wet paper! Then the case will be clean again!!

‚ò∫Product Name: Iphone Liquid Silicone Case.

‚ò∫Material: Liquid Silicone + Flocking Interior.

‚ò∫Features: 
1) Perfect Matching Case Protecting your phone from scratches, dust, shock and fingerprint.
2) Plating Flocking Interior Surface, Full Protect Your Phone.

‚ò∫Styles: 41 colours for choice. Please kindly attach the colour number&phone model you want in the order.

Available Models:
Iphone 5/5s/SEÔºànot fullÔºâ
Iphone 6/6sÔºàfullÔºâ
Iphone 6plus/6splusÔºàfullÔºâ
Iphone 7/8ÔºàfullÔºâ
Iphone 7plus/8plusÔºàfullÔºâ
Iphone X/XSÔºàfullÔºâ
Iphone XRÔºàfullÔºâ
Iphone XS MAXÔºàfullÔºâ
iPhone 11ÔºàfullÔºâ
iPhone 11 ProÔºàfullÔºâ
iPhone 11 Pro MaxÔºàfullÔºâ
iPhone SE 2020ÔºàfullÔºâ


  Note : the item is Multiple attribute,can't show all models picture, please don't care the picture don't fit your phone models , please choose your phone models and love design, we will send right case to you . Due to your different monitor setting and lighting, it may has some color difference from the real item. But we guarantee that the style is the same as the picture showing. thanks and please kindly understand

#iphone11promax #iphonecase #casingiphone #iphone11 #siliconeiphonecase #iPhonecase #iphone11procase #iPhone6case #iphone11case #iPhonese2020case #iPhone8case #iPhone7Pluscase #iPhone8Pluscase #iPhone6Pluscase #iPhone6sPluscase #iPhoneXcase #iphone #apple",none
Apple Iphone 11Pro Max/11/Xs Max/X/XR/8/8p/7/7p Lifestyle Full Cover Case,RM13.60,https://shopee.com.my/Apple-Iphone-11Pro-Max-11-Xs-Max-X-XR-8-8p-7-7p-Lifestyle-Full-Cover-Case-i.129773955.5714058697,"Œû MAY I HAVE YOUR ATTENTION PLEASE Œû
‚Ä¢ READY STOCKS will ship out within 3-5 working days
‚Ä¢ PRE ORDER STOCKS will ship out within 10-15 working days
‚Ä¢ We DO NOT accept urgent orders
‚Ä¢ SOME items are READY STOCKS
‚Ä¢ SOME items are PRE ORDER STOCKS
‚Ä¢ Please DO NOT HESITATE to message us if you have any inquiry

StyleÔºöLifestyle
Phone Model ÔºöApple 
Compatibility Ôºö7/8/7plus/8p/x/xs/xr/xsmax/11/11pro/11pro max
Features ÔºöFull Cover Front & Back 


* Physical items and photos will be slightly difference due to lighting shooting problems *","['""https://cf.shopee.com.my/file/d6b33664836d6c0ef42d1f85ec33bccd""']"
IPhone 11 pro Max X XS XR XSMAX 6 6s 7 8 Plus Luxury Fashion Lace Flowers Silicone Shockproof Soft Case,RM8.53,https://shopee.com.my/IPhone-11-pro-Max-X-XS-XR-XSMAX-6-6s-7-8-Plus-Luxury-Fashion-Lace-Flowers-Silicone-Shockproof-Soft-Case-i.98883568.7119937109,"Type:3D phone Case
Compatible iPhone Model:For iPhone 6/6s/6 Plus/6s plus/7/7 PIus/8/8 Plus/X/XS/XR/X SMAX
Function : Great protection from dirt, scratch and damages
Style:Fashion/ Cute/Stylish/Simple/Personalized
","['""https://cf.shopee.com.my/file/2d29dbcdc03dc61ef15bc9f220f4eb86""']"
Fully Camera Lens Protection Case iPhone 11 11 Pro Max X XR XS Max 6 6S 7 8 Plus Case Luxury Transparent Matte PC Back Cover Hard shell,RM3.00 - RM4.59,https://shopee.com.my/Fully-Camera-Lens-Protection-Case-iPhone-11-11-Pro-Max-X-XR-XS-Max-6-6S-7-8-Plus-Case-Luxury-Transparent-Matte-PC-Back-Cover-Hard-shell-i.178785269.5223703400,"Features
‚óèHybrid lightweight TPU +PC layer make the phone good handing feel
‚óèTransparent Clear Back Design
‚óèPrecise cutouts with raised edges for screen and camera protection
‚óèMaterials:Hard Plastic + Soft Tpu
‚óèFull Protecter/Dustproof / impact resistant / shock absorbing
‚óè Protect your phone from dust, scratches and vibrations

*Note
If you have any questions, please contact us and we will be happy to help you.
Thank you for your support and understanding.
If you are satisfied with our products, please give 5 stars feedback, thank you for your support! 

You can follow our shop.We will update more boutiques for you to choose.

#iphonecase #iphone2019 #iphone11case #iphone11procase #iphone11promaxcase","['""https://cf.shopee.com.my/file/9932b0c41dce90eacffcc426c24ac135""']"
üåàAoxingüíù iPhone 6/6s plus 7/ 8 7p/8 Plus X XS mas XR 11 PRO Max art lady face case iPhone Soft Cover kes telefon bimbit,RM4.86,https://shopee.com.my/üåàAoxingüíù-iPhone-6-6s-plus-7-8-7p-8-Plus-X-XS-mas-XR-11-PRO-Max-art-lady-face-case-iPhone-Soft-Cover-kes-telefon-bimbit-i.206030954.7813564841,"1.100% brand new
2 material: made of liquid silicone rubber
3. Compatible phone models: for iPhone version
4. The design is novel, easy to wear and easy to disassemble.
5. Durable and washable
6. Protect you from dust, scratches and vibrations.
7. Protect your valuables from scratches and damage.

iPhone 6 Phone Case is Compatible with iPhone 6S     
iPhone 6 Plus Phone Case is Compatible with iPhone 6S Plus  
iPhone 7 Phone Case is Compatible with iPhone 8    
iPhone 7 Plus Phone Case is Compatible with iPhone 8 Plus   
Phone X Phone Case is Compatible with iPhone XS  

Note: Due to the the color difference between the computer monitor and the naked eye, the color may be a little different in real life. Please confirm that the model and color selection are correct before placing the order.

If you are not satisfied with your purchase or have any doubts, please contact us first. We will try our best to solve any problems for you.
Thank you very much!

#iphonecase #casingiphone #iphone8case #iphone8plus #iphonexscase #iphonexrcase #iphone7case #iphone 7 plus case #iphonexcase #iphone 6s case #iphone 6 pluscase #iphone 6 case #iphone 6s plus case #iphone xs ma xcase #soft case #cutecase #iphone 6 casing #iphone 6scasing #iphone11 case #iphone 11 pro case #iPhone 11 pro max case #lover phone case#kes telefon bimbit",none
Apple iphone 11 Pro Max Fullset (One Year Warranty),"RM3,839.00 - RM4,499.00",https://shopee.com.my/Apple-iphone-11-Pro-Max-Fullset-(One-Year-Warranty)-i.12447110.5245099154,"This is Original Apple iphone 
Conditions 95% New

(PACKAGE)
1x Apple iPhone 11 Pro Max
1x Headset
1x Plug Charger 
1x Usb Cable
1x Silicon Case
1x Tempered Glass

(WARRANTY)
 Full Warranty For Device Within One Year 
* Can extend to one year warranty ( Include Lcd / Touch Screen / Battery )
* All damage by man - made open the housing ,tear off the warranty sticker,
not normal use and lcd broken. no warranty 
 
(Delivery details)
Please make sure your address and phone nombor is correct.
Usually, the item will be shipped out within 1 working days after received your payment.

(Contact us) 014-9663224
If you have any question, please feel free to contact us, we will reply you within 1 business day.( not included public holiday)

Selected colour out of stock will replace by random colour","['""https://cf.shopee.com.my/file/8ce5ed012b3a50659939784595f60c91""']"
Apple iphone 11 Pro / 11 Pro Max Used Fullset,"RM3,418.00 - RM4,498.00",https://shopee.com.my/Apple-iphone-11-Pro-11-Pro-Max-Used-Fullset-i.20670985.4839564712,"This is Original Apple iphone 
Conditions 95% New

(PACKAGE)
1x Apple iPhone 11 Pro / 11 Pro Max
1x Headset
1x Plug Charger 
1x Usb Cable
1x Silicon Case
1x Tempered Glass

(WARRANTY)
 Full Warranty For Device Within One Year 
* Can extend to one year warranty ( Include Lcd / Touch Screen / Battery )
* All damage by man - made open the housing ,tear off the warranty sticker,
not normal use and lcd broken. no warranty 
 
(Delivery details)
Please make sure your address and phone nombor is correct.
Usually, the item will be shipped out within 1 working days after received your payment.

(Contact us) 016-2163224
If you have any question, please feel free to contact us, we will reply you within 1 business day.( not included public holiday)

Selected colour out of stock will replace by random colour","['""https://cf.shopee.com.my/file/1b4f02f0d8018455d4879f54bdcc68f4""']"
IPhone 11 Pro X XR Xs Max 6 7 8 Plus Camera Protection Case Slide Door Protection Case Color Cover [Ready stock],RM4.49,https://shopee.com.my/IPhone-11-Pro-X-XR-Xs-Max-6-7-8-Plus-Camera-Protection-Case-Slide-Door-Protection-Case-Color-Cover-Ready-stock--i.177786089.3811886676,"‚ùâ‚ú®Welcome to GOOVIRÔºå

üëâSupport wholesale, please contact customer service for price

1.100% Made by high quality durable material.
2.high quality
3.Resilient Anti-fall border soft shell all-inclusive
4.Push-pull lens protection cover
5.Protecting your phone from scratches, dust, shock and fingerprint.

üëâAvailable models:
ÔºàYou can buy directly,or contact us to increase the model)
‚Äî‚ÄîAdd ""others(Remarks) "" to your shopping cart, note the model you want

iPhone 6/6s
iPhone 6Plus/6sPlus
iPhone 7/8
iPhone 7Plus/8Plus
iPhone X/XS
iPhone XR
iPhone XS Max
iPhone 11
iPhone 11 Pro
iPhone 11 Pro Max

üëâProduct Feature:
Material: TPU
Function: 360 degree drop protection for sliding camera
Feel: Skin-friendly
Style: Simplicity

üì¶Package included:
1 x Phone Case

üíì[About]
-Ship within 1-2 working days.
-About 5-15 days Arrive your address !
-100% Satisfaction Guarantee And Premium Quality Guarantee! Any problems when you get the package,just contact us.

#Slidecase#cameraprotectioncase  #iphone##iphonexscase #iphonexsmax #iphonexs #iphonexrÔºÉiphone8ÔºÉiphone7ÔºÉiphone11 #iphonexsmaxcaseÔºÉcasingiphone6 #iphonecase #iphonexcaseÔºÉiphone11case #temperedglassiphone #casingiphoneÔºÉcaseiphoneÔºÉiphone8plus #iphoneÔºÉiphone11promax #ProtectCamera",none
Digimon case iphone 11 Pro Max/11 Pro/6s plus 7 8/8 plus x xs xr xs max 11/11 por/11 por max cover casing,RM2.08,https://shopee.com.my/Digimon-case-iphone-11-Pro-Max-11-Pro-6s-plus-7-8-8-plus-x-xs-xr-xs-max-11-11-por-11-por-max-cover-casing-i.287446734.7043663299,"‚ú™To view other mobile phone cases in the store, please click #shoujike

‚ú™This is an iPhone shells are like high-quality prints - they are flexible, crack resistant and crack resistant, easy to install and remove, giving you the best long-term protection and design.
The TP TPU smartphone iPhone housing reliably protects the phone against collision damage, scratches, wear or similar hazards.
‚ú™ TPU material has slip resistance, durability, firmness, elasticity and shock absorption.

specification:
100% new high quality
Material: silicone TPU
Type: Fitted Housing/Cover
compatible:
iPhone6/6S
iPhone6plus/6Splus
iPhone7/8
iPhone7plus/8plus
iPhoneX
iPhoneXs
iPhoneXR

package:
1 x phone case

#casingsquishy #casingiphone6 #casingiphon5s #casingcover
#casesquishy #casemurah #caseiphone5 #caseiphone5s
#caseiphone6 #caseiphone6plus #caseiphone7 #caseiphone7plus
#caseiphone8 #caseiphone8plus #caseiphone #caseiphone","['""https://cf.shopee.com.my/file/78d80ebd7e9824a3377f7864695f1372""']"
New set Apple iPhone 11 / 11 Pro / 11 Max Pro 64GB/128GB/256GB Cellphone in Sealed Box 100% Original One year warranty,"RM2,589.00 - RM5,499.00",https://shopee.com.my/New-set-Apple-iPhone-11-11-Pro-11-Max-Pro-64GB-128GB-256GB-Cellphone-in-Sealed-Box-100-Original-One-year-warranty-i.139775323.6603156941,"This is Original New Apple iphone, 100% original new set in sealed box 
Package :
1x Apple iPhone 11/11pro/11 max pro
1x Plug charger 
1xUSB cable
1x Manual
1x Box
1x earphones
1x Tempered glass
1x Casing


Delivery Details:
-Your parcel will ship out within 1 working day after payment made.
-Please ensure your address and phone number is correct.

Warranty :
-Under one year Apple warranty 
-This warranty does not cover caused by open the housing ,tear off  the warranty sticker ,LCD broken etc.

PS:pls double check before signing your parcel. Make sure the parcel is the same with item you purchased. Don't sign it when you found any damage or parcel is not your order item.It means order finished successfully once signed.Thanks so much for your kindly cooperation!!!

Refund :
We accept returns for any reason within 14 days of receipt for most items in new condition.
(The buyer is responsible shipping cost for return)

Contact Us : 0107874513
Please feel free to message us if you have any question,we will get back to you within 24 hours.



","['""https://cf.shopee.com.my/file/67b868728d84d9928f8f25cccc7cf1a1""']"
Apple iPhone 11 üçé 64GB 128GB  in Sealed Box 100% Original One year warranty,"RM2,578.00 - RM3,048.00",https://shopee.com.my/Apple-iPhone-11-üçé-64GB-128GB-in-Sealed-Box-100-Original-One-year-warranty-i.129389446.6446672060,"KEY SPECS:
Display: 6.1-inch (1792 x 828)
Processor: A13
Front Camera: 12MP
Rear Camera: 12MP 
RAM: 4GB
Storage: 128GB
Battery Capacity: 3110mAh
OS: iOS 13
Daul sim ! ! !
","['""https://cf.shopee.com.my/file/b674a260c60f740f14819fd93c963943""']"
IPHONE 11 NEW PAY BY MONTHLY,RM100.00,https://shopee.com.my/IPHONE-11-NEW-PAY-BY-MONTHLY-i.3224375.7346398321,"This product is sell by monthly. Please chat with us before you place the order. or whatsapp us for fast respond https://easetech.wasap.my/ 

Product we being selling is new and used in condition and the used one is in good condition and look like new. We sell with box and new accessories will be given. The phone you will be received is extremely amazing and we guaranteed that ! üòç

Monthly for iPhone 11 starting from RM470 and above. 
We also have other iPhone model as well. Kindly chat us to assist you to get an iPhone within your budget. 

I created shopee section this time to gain more trust in potential customers 

I have been running this business almost 5 years through online platform. 

Free to visit our official instagram @easetech_official 

TRANSLATION : 

Barang ini dijual secara bayaran bulanan. 

Barangan yang dijual adalah barangan yang telah digunakan tetapi berkondisi seperti baru. Kami jual bersama kotak termasuk aksesori baru turut diberikan. Fon yang anda akan terima adalah sangat mengagumkan dan kami jamin anda akan puas hati ! üòç

Saya bukak ruangan Shopee supaya dapat menarik kepercayaan dari pelanggan lebih ramai. 

Saya telah menjalankan bisnes ini secara atas talian selama 5 tahun. 

Anda dijemput untuk melawati laman instagram rasmi kami di @easetech_official ","['""https://cf.shopee.com.my/file/d886483515d51025c494e5dfaa9a4ccf""']"
üíØ READY STOCK üíØ New Iphone 11 512GB With Facelock Function * New OEM Import Set *,RM275.00,https://shopee.com.my/üíØ-READY-STOCK-üíØ-New-Iphone-11-512GB-With-Facelock-Function-*-New-OEM-Import-Set-*-i.292838688.7945268538,"If have any problem, pls contact us first, we can provide good after sales service and try to make u satisfied


Specification:
‚óè6.1"" Liquid Retina IPS LCD capacitive touchscreen (828x1792pixels)
‚óè8GB RAM +512GB
‚óèDUAL REAR CAMERA LENS (12MP, f/1.8 + 12MP, f/2.4 ) 
+ DUAL FRONT SELFIE CAMERA (12MP, f/2.2 + SL 3D camera)
‚Ä¢ SINGLE SIMCARD (Nano Simcard size)
‚óèQuad-LED dual-tone flash, HDR (photo/panorama)
‚óèNon-removable 3110mAh Power Battery 
‚óèFast Battery Charging 18W 50% in 30min
‚óèQi wireless charging
‚óèFace ID
‚Ä¢android 10.0

3 months warranty
Warranty is NOT COVER by All Manufacturer‚Äôs Warranty if the fault is cause by:
‚Ä¢The warranty sticker is damaged/removed
‚Ä¢Water/Liquid Damage
‚Ä¢Drop Damage
‚Ä¢Physical,LCD & Touch Screen Damage
‚Ä¢Unauthorized RepairÔºàDisassemblyÔºâ
‚Ä¢Unauthorized Third Parties/Modification
‚Ä¢Apple ID & Lock Issues
‚Ä¢Sealed is Tempered or Removed
‚Ä¢No receipt is Presented During Warranty


Fullset package

#iphone11 #iphone11pro  #iphone11promax #iphone0Ôºàimport oem setÔºâ","['""https://cf.shopee.com.my/file/1fe8e7267bc29ec3ad0bc32b6b7b8dbb""']"
Apple iPhone 11 64GB/128GB Original Apple [USED] 3 Months Warranty,"RM2,350.00 - RM3,300.00",https://shopee.com.my/Apple-iPhone-11-64GB-128GB-Original-Apple-USED-3-Months-Warranty-i.215940216.5035254362,"ITEM : Apple iPhone 11 Import set 

Display 6.10-inch (828x1792)
Processor Apple A13 Bionic
Front Camera 12MP
Rear Camera 12MP + 12MP
RAM 4GB
Storage 64GB/128GB
Battery Capacity 3110mAh
OS iOS 13

Fullset Package 
x1 Apple iPhone (100% ORIGINAL)
x1 Power Adapator (Gred AAA)
x1 Usb Cable (Gred AAA)
x1 Bluetooth Lightning Earpod (Gred AAA)
x1 Tempered Glass
x1 Case
x1 Apple iPhone 11  Box

ITEM : Apple iPhone 11 NEW ( CH/A ) FULLSET
-DUAL PHYSICAL SIM ONE YEAR WARRANTY FROM APPLE MALAYSIA-

Display 6.10-inch (828x1792)
Processor Apple A13 Bionic
Front Camera 12MP
Rear Camera 12MP + 12MP
RAM 4GB
Storage 64GB/128GB
Battery Capacity 3110mAh
OS iOS 13

WARRANTY
üëâ 3months warranty for device
üëâ Warranty VOID if any damage or defect due to user mistake / tear off of warranty seal 

DELIVERY
üëâ All item will be shipped out within 1 working day after received payment. Normally you will received the item for the next day for town area and 2-3 day for rural area.

REFUND
üëâ Our Store accept 100% refund for any reasonable reason within 7days date of purchased

CONTACT US 
üëâif you have any question,please feel free to contact our team 014-349 6330

Thank you and have a nice day shopping with us","['""https://cf.shopee.com.my/file/ce7c88d004924fac66f5c515d39940d5""']"
Iphone 11 128gb green,"RM2,600.00",https://shopee.com.my/Iphone-11-128gb-green-i.173854143.3844347654,"Iphone okay cun lagi takde masalah kami ialah kedai telefon online‚ò∫Ô∏è pm 0199199115
","['""https://cf.shopee.com.my/file/d66f8273edbaffd0e867aed35ccbd72b""']"
üî•MERDEKA SALESüî•IPHONE 11 READY STOCK,RM388.00 - RM498.00,https://shopee.com.my/üî•MERDEKA-SALESüî•IPHONE-11-READY-STOCK-i.37429263.5406518599,"
Hot Sellingüî•üî•üî•

üß°CLEARANCE STOKüß°

IPHONE 11 (6.1inch)
üéàReady Stok & Fullset 
üéàFACE UNLOCK 
üéàRam 3gb 
üéàRom 64gb
üéàCpu - A11 x4, 2.30GHz 
üéàBack Camera 20MP
üéàFront Camera 12MP
üéàApple version - IOS 13.1.2
üéàAndroid version - 9.0
üéàBattery 3500mah
üéàDual Sim, Nano Sim


Price according to external memory 

‚úÖ1year warranty by supplier
‚úÖtoday order today pos

üî•FREE SERVICE (INTERNAL) FOR ONE YEAR
üî•FREE GIFTS


‚úîÔ∏èWifi & Bluetooth - Yes 
‚úîÔ∏èData Internet - YES 
‚úîÔ∏èDual sim - YES



LIMITED STOCK! SHIP WITHIN ONE DAY!!
No Refund‚ùå

*Important* If they are any LCD Display damaged caused by courier company during deliver upon received please inform us immediately on the same day receiving of parcel. For any delay notify will not entertain . Thank you


have 2 colour BLACK & RED","['""https://cf.shopee.com.my/file/73e18b3769d289dc9d3d08ccaf1651a7""']"
Apple iphone 11 Fullset (One Year Warranty),"RM2,619.00 - RM3,179.00",https://shopee.com.my/Apple-iphone-11-Fullset-(One-Year-Warranty)-i.12447110.5433007669,"This is Original Apple iphone 
Conditions 95% New

(PACKAGE)
1x Apple iPhone 11 Pro / 11 Pro Max
1x Headset
1x Plug Charger 
1x Usb Cable
1x Silicon Case
1x Tempered Glass

(WARRANTY)
 Full Warranty For Device Within One Year 
* Can extend to one year warranty ( Include Lcd / Touch Screen / Battery )
* All damage by man - made open the housing ,tear off the warranty sticker,
not normal use and lcd broken. no warranty 
 
(Delivery details)
Please make sure your address and phone nombor is correct.
Usually, the item will be shipped out within 1 working days after received your payment.

(Contact us) 014-9663224
If you have any question, please feel free to contact us, we will reply you within 1 business day.( not included public holiday)

Selected colour out of stock will replace by random colour","['""https://cf.shopee.com.my/file/7e2ada81f7476dc16ed0544269b738f5""']"
MERDEKA SALESüá≤üáæüéä[DUAL NANO SIM] Apple iPhone 11 (64GB~256GB),"RM3,289.00 - RM3,999.00",https://shopee.com.my/MERDEKA-SALESüá≤üáæüéä-DUAL-NANO-SIM-Apple-iPhone-11-(64GB~256GB)-i.70749148.1181197582,"‚Äî‚ÄîüéâüíöMERDEKA FLASH SALEüíöüéâ‚Äî‚Äî
                            (29/8 - 1/9)
                  (First 30 Shoppers only!)

-Apply ‚ÄúLQMOBILES‚Äù get RM150 OFF discount at checkout page.
‚Äî‚Äî‚Äî‚Äî‚Äî‚Äî‚Äî‚Äî‚Äî‚Äî‚Äî‚Äî‚Äî‚Äî‚Äî‚Äî‚Äî‚Äî‚Äî‚Äî‚Äî‚Äî‚Äî-
üìçFACTORY UNLOCKED SET. (100% SIM FREE)
- DUAL NANO SIM SET
- NO SIM LOCK, NO TURBO SIM.
- NO HYBRID/WORLDWIDE UNLOCK.
- NO REFURBISHED, NO SECOND HAND.
- CAN FACTORY RESET. 

üìçORIGINAL NEW AND SEALED.
‚Äî‚Äî‚Äî‚Äî‚Äî‚Äî‚Äî‚Äî‚Äî‚Äî‚Äî‚Äî‚Äî‚Äî‚Äî‚Äî‚Äî‚Äî‚Äî‚Äî‚Äî‚Äî‚Äî‚Äî‚Äî‚Äî‚Äî‚Äî
üí°‚ÄºÔ∏èMUST KNOW FACT ‚ÄºÔ∏èüí°

1. What‚Äôs SIM FREE and SIM LOCK iPhone?

‚úÖ SIM FREE iPhone is 100% Apple Store Set. 

‚ùå SIM LOCK iPhone is an iPhone locked to the original buyer who has signed the package under the Telco installment plan to ensure punctual payment of installment, and the phone is then being sold out by the original buyer to the market with an extremely lower price. (Even lower than the Official Apple US Price, the cheapest iPhone market in the world) 

2.How to differentiate SIM FREE (Apple Store Set) or SIM LOCK (Hybrid Unlock) iPhone?

-> FACTORY RESET. (Erase all content and settings)

-> UNBELIEVABLY LOW PRICE. (Comparing to Apple US)

: A SIM LOCK iPhone, which is secretly unlocked by outsiders through ‚ÄòTurbo Sim‚Äô or ‚ÄòHybrid Unlock‚Äô, cannot be factory reseted. Once reseted, the phone will be sim locked again. 

: A SIM FREE iPhone can do any Settings as advertised by Apple. You can reset a million times as you want. 

**With the latest technology, many Sim Lock iPhones ‚ÄòNo Need Turbo Sim‚Äô, sellers nowadays are using ‚ÄòHybrid Unlock‚Äô software to bypass the Sim Lock and advertise as ‚ÄòNo Sim Lock Phone‚Äô. By using such iPhone, you are not allowed to claim Apple Warranty due to violation of claiming policy and you bear a great risk of being locked again by either Apple or the Mobile Operator. If so, the phone will become nothing more than a toy as you will be completely blocked from using the phone.

‚≠êÔ∏èSo ONLY BUY SIM FREE iPhones!‚≠êÔ∏è
‚Äî‚Äî‚Äî‚Äî‚Äî‚Äî‚Äî‚Äî‚Äî‚Äî‚Äî‚Äî‚Äî‚Äî‚Äî‚Äî‚Äî‚Äî‚Äî‚Äî‚Äî‚Äî‚Äî‚Äî‚Äî‚Äî‚Äî‚Äî
üîñ Product Details:

1. Original Import Set, No Difference with MY Set.
2. Apple Malaysia Warranty 1 year. Claim at any Apple Malaysia Authorised Service Center. 
3. FREE :-
 + Genuine 2-Coils 10W Wireless Fast Charger.
 + A-Design Anti-Burst 360 AirBags Protection Crystal Clear Casing.
 + Glass Pro+ Premium Full Edge to Edge 5D 9H Tempered Glass Screen Protector. 
 + Traveler Adaptor.    
[Total Worth: Rm250]
4. Ready Stock.

üöö Delivery Options: 

1. COD/Direct Delivery. [Only in KL and Klang Valley]
-> Instant Delivery on Purchase Date.

2. Pos Laju Express Delivery with Shipping Insurance provided. [Any other States of Malaysia]
-> 1-3 Working Days after Purchase Date.

**Direct Delivery [FOC]: 
For your utmost pleasant and convenient shopping experience, our drivers are now able to send the product together with the quality free gifts to you instantly on the day of your order, if the delivery location is within KL and Klang Valley!","['""https://cf.shopee.com.my/file/daf262c576a366b81b1e1516a431f94d""']"
Apple iPhone 11 (64GB/128GB/256GB) Original Apple Malaysia Set + 4 Free Gift Worth RM59,"RM3,399.00 - RM4,099.00",https://shopee.com.my/Apple-iPhone-11-(64GB-128GB-256GB)-Original-Apple-Malaysia-Set-4-Free-Gift-Worth-RM59-i.12120558.2840826886,"=======
Free Gift
=======
1 x iPhone 11 Tempered Glass 
1 x Branded Fast Charger Lightning USB Cable 
1 x U Ring Phone Holder 
1 x iPhone 11 Camera Protection Cover

*Free Gift Worth RM59*

=================
Product Specification:
=================
-iOS 13
-6.1 inches Liquid Retina IPS LCD capacitive touchscreen / 828 x 1792 pixels
-19.5:9 ratio Display
-Apple A13 Bionic (7nm+) 
-4GB RAM and 64GB/128GB/256GB ROM
-Rear Camera : Dual: 12 MP, f/1.8, 26mm (wide), 1/2.55"", 1.4¬µm, PDAF, OIS + 12 MP, f/2.4, 13mm (ultrawide), Quad-LED dual-tone flash, HDR
-Front Camera : Dual 12 MP, f/2.2 + TOF 3D camera, HDR
-Non-removable Li-Ion 3110 mAh battery
-Dual SIM (Nano-SIM and Electronic SIM (eSIM), 4G LTE
-Fast battery charging 18W : 50% in 30 min
-USB Power Delivery 2.0
-Qi wireless charging
-Face ID
-IP68 dust/water resistant (up to 2m for 30mins)


=========
Installment
=========
-0% Installment Plan only applicable for Public Bank and Maybank Credit Card
-6/12 Months
================
After Sales Services :
================
Order/Warranty
1) 1 Year Local Manufacturer Warranty by Apple
2) The warranty is effective start from the purchase date on the tax invoice
3) Free gift is not entitled for warranty claim.
4) Some model we will unsealed the box for quality checking and product registration purpose.
5) Good sold is not returnable/Refundable.
6) Unnecessary request put at the remark, we will not entertain and will process as the ORDER we received.
=========================
CONTACT US / INFO / SUPPORT
=========================
1) Any enquiry can CONTACT US at sales@redclick.com.my / 03-91079292
2) WhatsApp 0193390733.
3) Sales support from (Mon-Friday 10am - 6pm)(Sat 10am - 1pm) Sunday & Public Holiday off.
4) After working hour / holiday may happen nobody pick up/reply , please leave a message we will contact you back soon.

====================
Thank you for the support.


#Apple #iPhone11","['""https://cf.shopee.com.my/file/e09d98b927ef8422daff91ae0acae213""']"
Apple Iphone 11 (used),"RM2,499.00 - RM2,799.00",https://shopee.com.my/Apple-Iphone-11-(used)-i.48929767.3733682075,"iPhone 11 (Used) 95% Like New 
‚úÖLL SET 
‚úÖOriginal Housing 
‚úÖOriginal LCD 
‚úÖFace ID 
‚úÖBattery 90% Above 
‚úÖ95% Like New 
‚úÖ6 Month Warranty 

üåüTemper Glass 
üåüSilicon 
üåüChager 
üåüHeadset ","['""https://cf.shopee.com.my/file/07b99c39876059bcfd82919797edc5e2""']"
üí•READY STOCK MEGA SALESüí•IPHONE 11 512GB (IMPORT SET),RM299.00,https://shopee.com.my/üí•READY-STOCK-MEGA-SALESüí•IPHONE-11-512GB-(IMPORT-SET)-i.298641277.4147708162,üí•READY STOCK MEGA SALESüí•IPHONE 11 512GB (IMPORT SET),"['""https://cf.shopee.com.my/file/b1ed92cca72782d3a42a57e6fa128455""']"
iPhone 11 128GB New Sealed,"RM3,148.00",https://shopee.com.my/iPhone-11-128GB-New-Sealed-i.23738790.7644603931,"IPHONE 11 128GB 
New CH Dual Sim Model 
1 Year Apple Warranty
Sealed Non Activated 
Free Tempered and Casing 
Ready Stock 
White, Yellow, Green, Red, Black 
BP COD
Other area postage 
RM3288 only 

Wechat/Whatsapp 0177436727
WhatsApp/WeChat 0177436727
http://www.wasap.my/60177436727
Company: Great Aston Technology 
Official Business Page: 
https://m.facebook.com/greataston
Instagram: https://www.instagram.com/great_aston/
Shopee: great.aston.technology
Carousell: greatastontechnology


","['""https://cf.shopee.com.my/file/2b98da512d1994629ec700f5a0f2bd18""']"
Apple iphone 11 256GB/128GB/64GB Used Fullset,"RM2,598.00 - RM3,178.00",https://shopee.com.my/Apple-iphone-11-256GB-128GB-64GB-Used-Fullset-i.60005262.5333286903,"This is Original Apple iphone 
Conditions 95% New

(PACKAGE)
1x Apple iPhone 11
1x Headset
1x Plug Charger 
1x Usb Cable
1x Silicon Case
1x Tempered Glass

(WARRANTY)
 Full Warranty For Device Within One Year 
* Can extend to one year warranty ( Include Lcd / Touch Screen / Battery )
* All damage by man - made open the housing ,tear off the warranty sticker,
not normal use and lcd broken. no warranty 
 
(Delivery details)
Please make sure your address and phone nombor is correct.
Usually, the item will be shipped out within 1 working days after received your payment.

(Contact us) 016-2099684
If you have any question, please feel free to contact us, we will reply you within 1 business day.( not included public holiday)

Selected colour out of stock will replace by random colour","['""https://cf.shopee.com.my/file/2176f5a49740154e8cbebf3635155d20""']"
üî•MERDEKA PROMOTIONüî• IPHONE 11 IMPORT OEM SET #CLEAR STOCKS #,RM279.00,https://shopee.com.my/üî•MERDEKA-PROMOTIONüî•-IPHONE-11-IMPORT-OEM-SET-CLEAR-STOCKS--i.262615546.6545317285,"!!! IMPORT SET !!!

Original Expensive????
Now u only use a lowest price can get one  import smart phone !!!
What u waiting for ??? 

READY STOCK & FAST DELIVERY


(PACKAGE)
1x Smart Phone
1x Plug Charger 
1x Cable Usb
1x Casing
1x Box
1x Tempered glass

Product features
*6.1 Screen IPS Display
*QuadCore 2.4Ghz
*Ram 4
*Rom 64
*Ios 13
*Camera 
*Rear 8 With Flash Light
*Front 5mp
*Battery 2500 mah
*Mmc support up to 128gb
*Play store
*Audio player
*Video player
*Video recorder
*Sound recorder
*Fm radio
*Games

Why buy from Vconnect Wholsale Store
*100% Guarantee get wholsale price from us
*100% Guarantee reach your house/office safety
*100% Guarantee get satisfied products from us
*100% Best services for customer
-
-Please follow us to get more new item@quality goods
-
-We provide COD in KL-Selangor-
-
Kindly Call/Whatapps
011510343438


(Contact us)
If you have any question, please feel free to contact us, we will reply you within 1 business day.( included public holiday)

These products covered with 1(ONE) Year limited warranty 
- 12 months on Transceiver & Motherboard
- 7 days warranty on Accessories & Battery
- 7 days on LCD Screen, Touch Panel
- 7 days 1-to-1 exchange (Hardware issue, with no physical damage on the unit / scratches / dent) - have to be in completely new condition + all accessories in box.
Software issues will not entitle for any exchange.
**IMPORTANT** Warranty void if the product has been open by Third Party, no warranty coverage for Liquid Damage or Human Made Damage.","['""https://cf.shopee.com.my/file/6ce264e96e899fd0d746d1fe0eef3cf7""']"
Iphone 11 üíØ%  like original,RM599.00,https://shopee.com.my/Iphone-11-üíØ-like-original-i.51494526.7702142951,"Nak bergaya guna iphone trending tapi bajet low? 
Dont worry iphone ni semua mampu milik .

üìãSpecifications: 

Colours - Black, White & Gold
CPU - Quad Core

‚úî Internal - 32gb
‚úî Camera - Front 8MP, Back 12MP
‚úîInterface iOS 12.2
‚úî Platform - Android NOUGHT 7.0
‚úî Network - Sistem 3G Support4G
‚úî Fast WIFI 
‚úî Bluetooh - Yes
‚úî Data internet - Yes
‚úî Support Accessories ori - Yes
‚úî Color - Gold, Black Mate & Rosegold
‚úî 1 Year Warranty sofware
‚úî HD Video
‚úî Touch Home Button
‚úîFull Set Box
‚úî Free Casing
‚úî Free Tempered Glass
‚úî Earphone
‚úî USB Cable
‚úî Charger",none
iPhone 11 64GB & 128GB Demo Unit,"RM2,638.00 - RM2,838.00",https://shopee.com.my/iPhone-11-64GB-128GB-Demo-Unit-i.71015643.4108456004,"‚ù§Reseller Welcome
‚úÖ100% Original Import From Apple
‚úÖ100% Original Secondhand
‚úÖ100% Original LCD
‚úÖ100% Original Housing
‚úÖ100% Original Motherboard 
‚úÖ100% Can Update ios , Format , Reset
üåüWarranty 1 Month , 1 to 1 Exchange
üåüCondition Tip Top
‚ùåClone , Super King 
‚ùåTurbo Sim , Hybrid Sim , Easy Sim
‚ùåRefurbished , Recon
‚ùåJapan Set , Lock Set , Telco Set
‚ùåNot Change Memory Set
‚ùåNot Change CPU Set
‚ùåNot Modified Set
üì±Trade In Available
üì±Can Come Our Shop Deal Face To Face 

Full Set = Box , Adapter , Cable , Earphone 

Location : No.G-8,PV128,Jalan Genting Klang 53300 Setapak,Kuala Lumpur
Waze: https://waze.com/ul/hw2864ws4t
Company Name : CHEAPER 
Operation Hour : Monday - Sunday 10.00am - 10.00pm 
Shopee Link : shopee.com.my/calvin8688
FB Link : www.facebook.com/mycheaper
InstagramÔºö@Cheaper_makeitworth
Contact : 0104015767 Ferlin

Pls Come Visit Our Shop üòä","['""https://cf.shopee.com.my/file/fc9cc11e06c4970ac15ec167931abba5""']"
IPhone 11 back cover,RM160.56,https://shopee.com.my/IPhone-11-back-cover-i.52698631.4228368171,"Product Specification and features:
-IPhone 11 back cover
-Tested before shipping
-Ready stock on hand


#iphone #repairiphone #baikiiphone #battery #lcd #apple #phonerosak #lowyat #readystock #cellcare #iphonebattery #phone #iphonelcd #murah #cheap #professional #bateri #repair
","['""https://cf.shopee.com.my/file/313b3350688dd3273f3e5657096a1dd3""']"
(Kini dengan Ansuran 18 Bulan) Apple iPhone 11 128GB  ~ Brand New / Sealed / 1 Year Official Apple Malaysia Warranty,"RM3,287.00",https://shopee.com.my/(Kini-dengan-Ansuran-18-Bulan)-Apple-iPhone-11-128GB-~-Brand-New-Sealed-1-Year-Official-Apple-Malaysia-Warranty-i.26152196.2853648929,"**UP TO 18 MONTHS INSTALLMENT AVAILABLE FROM MAYBANK & PUBLIC BANK CREDIT CARD**
**OFFICIAL MALAYSIA SET üåê**
**1 YEAR APPLE MALAYSIA WARRANTY üì°**
**BRAND NEW SEALED UNIT üì≤**
**FREE SHIPPING üöö! 
**PLACE YOUR ORDER BY 1 PM AND WE WILL SEND OUT ON THE SAME DAY!

‚öôÔ∏è Key Specifications
‚úÖ 6.1""  Liquid Retina IPS LCD Screen
‚úÖ 128GB
‚úÖ Apple A13 Bionic Chip with iOS 13
‚úÖ Dual Main Cameras 12 MP, f/1.8, 26mm (wide), 1/2.55"", 1.4¬µm, dual pixel PDAF, OIS + 12 MP, f/2.4, 13mm 
      (ultrawide)
‚úÖ Front Camera 12 MP, f/2.2, 23mm (wide)
‚úÖ 3110 mAh battery, Fast Charging 18W,  Compatible with Qi Wireless Charging
‚úÖ Dual SIM - Nano SIM + eSIM

üì¶ What‚Äôs In The Box
‚úÖ 1 x iPhone 11 
‚úÖ 1 x 5W Power adapter 
‚úÖ 1 x Lightning cable 
‚úÖ 1 x SIM eject tool 
‚úÖ 1 x Earphone 
‚úÖ 1 x User guide

üöö Shipping
* Same-day processing (for orders received by 1 pm) and ship out is only available on weekdays. Orders placed on weekends and public holidays will be processed on the next working day.
* You may choose DHL, J&T or GDEX for deliveries to West Malaysia while only GDEX is available for deliveries to East Malaysia. Please allow 3-6 working days for deliveries to be made.
* Certain areas are considered as Non Service Area (NSA) by GDEX which means customers are required to pick up the parcel instead. You may check here : https://www.gdexpress.com/malaysia/reference/service-area-reference-sar/
* In the event of delays, we seek your kind understanding as this is beyond our control. We will however assist to follow up at all times. 

üìù Reviews 
* We would like to thank you for shopping at our store and for your review.The rating from you is very much appreciated to help us serve you better.
* In addition, if you encounter any problems with your order, please contact us before dropping any reviews, we will do our best to solve the issue until you're satisfied","['""https://cf.shopee.com.my/file/98b0a497c5d79f0b1d165df54ffca287""']"
IPHONE 11 64GB/128GB/256GB NEW SET (MYSET)/(IMPORT SET) FACE ID/NO FACE ID,"RM2,299.00 - RM3,199.00",https://shopee.com.my/IPHONE-11-64GB-128GB-256GB-NEW-SET-(MYSET)-(IMPORT-SET)-FACE-ID-NO-FACE-ID-i.8946535.4948133734," USED (IMPORT SET)/NEW SET (MYSET) FACE ID/NO FACE ID


>100% original secondhand Apple 
>Conditions 90% like new.  
>All features work well for (Any sim card / Worldwide can use)
>READY STOCK ! NOT REFURBISHED!

>>PACKAGE<<
1x Apple iPhone (100% Original)
1x Plug Charger 
1x Usb Cable
1x Manual
1x Box
*Not including EARPHONE
* Accessories compatible. 100% satisfaction

>>WARRANTY<<
Our store Provide 1 month warranty for the phone, EXCEPT accessories.

Warranty is NOT COVER by All Manufacturer‚Äôs Warranty if the fault is cause by:

‚Ä¢Water/Liquid Damage
‚Ä¢Drop Damage
‚Ä¢Physical,LCD & Touch Screen Damage
‚Ä¢Unauthorized Repair
‚Ä¢Unauthorized Third Parties/Modification
‚Ä¢Apple ID & Lock Issues
‚Ä¢Sealed is Tempered or Removed
‚Ä¢No receipt is Presented During Warranty

>>RETURN<<
Our store accept a 100% return within 7 days after arrival for warranty.
*The buyer is responsible cost shipping for return

>>Delivery details<<
Please make sure your address and phone number is correct.
Usually, the item will be shipped out within 1 working days after received your payment. 

FREE GIFT :
- TEMPERED GLASS
- CASING

>>Contact us<<
If you have any question, please feel free to chat with us :)","['""https://cf.shopee.com.my/file/3324a70ac68d3d34883350448a821998""']"
APPLE iPhone 11 - LATEST MODEL! ORIGINAL set by Apple Malaysia,"RM3,399.00 - RM3,599.00",https://shopee.com.my/APPLE-iPhone-11-LATEST-MODEL!-ORIGINAL-set-by-Apple-Malaysia-i.46737688.2839447579,"Specifications:

Band	                 4G / LTE
Dimension	         150.9 x 75.7 x 8.3 mm (5.94 x 2.98 x 0.33 in)
Processor Type	 Apple A13 Bionic (7 nm+)
RAM	                 4 GB
Internal Storage	 64GB | 128GB | 256GB
Card Slot	         No
Display (inches)	 6.1
Resolution (px)	 828 x 1792 pixels, 19.5:9 ratio
Rear Camera	         DUAL 12MP+12MP
Front Camera	 DUAL 12MP + TOF 3D camera
Operating System  iOS 13
Sim	                         Single SIM
Battery Capacity	 Non-removable Li-Ion 3110 mAh battery
Warranty                 1 Year Warranty by Apple Malaysia
","['""https://cf.shopee.com.my/file/8343af758fb8096a548897253e8ea383""']"
üî•MERDEKA PROMOTIONüî•IPHONE 11 PROMAX IMPORTSET FACE ID LOCK WHOLESALE PRICE,RM319.00,https://shopee.com.my/üî•MERDEKA-PROMOTIONüî•IPHONE-11-PROMAX-IMPORTSET-FACE-ID-LOCK-WHOLESALE-PRICE-i.262615546.4534997103,"!!! IMPORT SET !!!

Original Expensive????
Now u only use a lowest price can get one  import smart phone !!!
What u waiting for ??? 

READY STOCK & FAST DELIVERY


(PACKAGE)
1x Smart Phone
1x Plug Charger 
1x Cable Usb
1x Casing
1x Box

Product features
*6.5 Screen IPS Display
*QuadCore 2.4Ghz
*Set Ram 4
*Set Rom 256
*Set 4g network
*Ios 13.5 version
*Camera 
*Rear 13 With Flash Light
*Front 5mp
*Battery 3000mah
*Face ID
*Wifi
*Play store
*Audio player
*Video player
*Video recorder
*Sound recorder
*Fm radio
*Games

Why buy from Vconnect Wholsale Store
*100% Guarantee get wholsale price from us
*100% Guarantee reach your house/office safety
*100% Guarantee get satisfied products from us
*100% Best services for customer
-
-Please follow us to get more new item@quality goods
-
-We provide COD in KL-Selangor-
-

#For bulk order or direct importer price pm for more detail
#Dealer welcome
#Dropship welcome
#Kindly call/whatapps
#01151034348
#Online wholesale store


(Contact us)
If you have any question, please feel free to contact us, we will reply you within 1 business day.( included public holiday)

These products covered with 1(ONE) Year limited warranty 
- 12 months on Transceiver & Motherboard
- 7 days warranty on Accessories & Battery
- 7 days on LCD Screen, Touch Panel
- 7 days 1-to-1 exchange (Hardware issue, with no physical damage on the unit / scratches / dent) - have to be in completely new condition + all accessories in box.
Software issues will not entitle for any exchange.
**IMPORTANT** Warranty void if the product has been open by Third Party, no warranty coverage for Liquid Damage or Human Made Damage.",none
IPHONE 11/11PRO/11PRO MAX,"RM2,299.00 - RM4,599.00",https://shopee.com.my/IPHONE-11-11PRO-11PRO-MAX-i.5193978.7836013949,">100% original secondhand Apple 
>Conditions 90% like new.  
>All features work well for (Any sim card / Wordwide can use)
>READY STOCK ! NOT REFURBISHED!

>>PACKAGE<<
1x Apple iPhone (100% Original)
1x Earphone
1x Plug Charger 
1x Usb Cable
1x Manual
*Accessories Compatible, 100% satisfaction.

>>WARRANTY<<
OuR store Provide 1 month warranty for the phone, EXCEPT accessories
* All damage by man - made open the housing ,tear off the warranty sticker,
not normal use and lcd broken.  We will no warranty 

>>RETURN&REFUND<<
Our store accept a 100% REFUND for any reason
within 7 days after arrival
*The buyer is responsible cost shipping for return

>>Delivery details<<
Please make sure your address and phone nombor is correct.
Usually, the item will be shipped out within 1 working days after received your payment. 

>>Contact us<<
If you have any question, please feel free to chat with us","['""https://cf.shopee.com.my/file/1a1df9db04d2ea26c61412ce73d24963""']"
IPHONE 11 64GB/128GB(100% ORIGINAL),"RM2,591.82 - RM2,859.12",https://shopee.com.my/IPHONE-11-64GB-128GB(100-ORIGINAL)-i.236972354.4334548206,"üíòSecond  Hand, not Brand Newüíò
üíòSecond  Hand, not Brand Newüíò
üíò3 Month Warrantyüíò
üíò3 Month Warrantyüíò

100% original secondhand Apple 
Conditions 98% like new.  
All features work well for (Any sim card / Worldwide can use)
READY STOCK ! NOT REFURBISHED!

Warranty is NOT COVER by All Manufacturer‚Äôs Warranty if the fault is cause by:
‚Ä¢The warranty sticker is damaged/removed
‚Ä¢Water/Liquid Damage
‚Ä¢Drop Damage
‚Ä¢Physical,LCD & Touch Screen Damage
‚Ä¢Unauthorized RepairÔºàDisassemblyÔºâ
‚Ä¢Unauthorized Third Parties/Modification
‚Ä¢Apple ID & Lock Issues
‚Ä¢Sealed is Tempered or Removed
‚Ä¢No receipt is Presented During Warranty

*SHIPPING*
Item will be shipped within 2-5 working days after received payment
(preorder, need about 7-10days to ship out)
( POS LAJU ) 

Product Specification:
=================
-iOS 13
-6.1 inches Liquid Retina IPS LCD capacitive touchscreen / 828 x 1792 pixels
-19.5:9 ratio Display
-Apple A13 Bionic (7nm+) 
-4GB RAM and 64GB/128GB/256GB ROM
-Rear Camera : Dual: 12 MP, f/1.8, 26mm (wide), 1/2.55"", 1.4¬µm, PDAF, OIS + 12 MP, f/2.4, 13mm (ultrawide), Quad-LED dual-tone flash, HDR
-Front Camera : Dual 12 MP, f/2.2 + TOF 3D camera, HDR
-Non-removable Li-Ion 3110 mAh battery
-Dual SIM (Nano-SIM and Electronic SIM (eSIM), 4G LTE
-Fast battery charging 18W : 50% in 30 min
-USB Power Delivery 2.0
-Qi wireless charging
-Face ID
-IP68 dust/water resistant (up to 2m for 30mins)

Package list:
1x Apple iPhone (100% Original)
1x Plug Charger 
1x Usb Cable
1x earphone
1x Manual
1x Box
If have any problem, pls contact us first, we can provide good after sales service and try to make u satisfied


#IPHONE#IPHONE SECOND#phone#IPHONEORIGINAL#IPHONE 11#IIPHONE 11#IPHONE 11 64GB/128GB","['""https://cf.shopee.com.my/file/cd6c9af813533231a2b62a0b39e3fecf""']"
IPHONE 11 64GB / 128GB - Used Conditions 99% As New - üíØ% Battery Health,"RM2,600.00 - RM3,150.00",https://shopee.com.my/IPHONE-11-64GB-128GB-Used-Conditions-99-As-New-üíØ-Battery-Health-i.262925559.4339103359,"IPhone 11 Second Hand 64GB /128GB IMPORT SET 

üì¢ Price For Clearance üì¢
 
‚ú≥Ô∏èPrice For Full Set
‚ú≥Ô∏èOriginal Condition
‚ú≥Ô∏èüíØ% Test Before Sell
‚ú≥Ô∏èüíØ% Trusted Seller
‚ú≥Ô∏èüíØ% BATTERY HEALTH 
‚ú≥Ô∏è1 Month WARRANTY

(PACKAGE)
1x Apple iPhone (100% Original)
1x Earphone
1x Plug Charger 
1x Usb Cable
1x Manual
1x Box
1x Case

Operation Time
*Monday to Sunday 11:00am - 8:00pm

# 1 Month WARRANTY IS PROVIDED TO CUSTOMER #
üëÜüèª1 Month mother board 
üëÜüèª1 Month battery 
üëÜüèª1 Month finger print & touch ID
üëÜüèª1 Month camera
üëÜüèª1 Month ICD touch screen 
üëÜüèª1 Month ribbon 

WARRANTY COVERAGE
No warranty coverage if :
- warranty sticker is broken / removed
- water damaged ( even waterproof model ) 
- human damaged ( drop set )
- ID lock issues

Make Sure Your Want to Buy, Before Wasap me Confirm Stock Colors and Storage Available? THANK YOU ü§ù

Fast Deal Please Call or WhatsApp Us
üìû01126861491 Macania Enterprise ","['""https://cf.shopee.com.my/file/254304012aaf9c5267e45fc1dd682d09""']"
"Ready stock lg üî•üî•üî•
Lenovo H11
Rupa bentuk ala iphone 11",RM260.00,https://shopee.com.my/Ready-stock-lg-üî•üî•üî•-Lenovo-H11-Rupa-bentuk-ala-iphone-11-i.8810113.4838001937,"i11
- Android 8.0
- Size- 6.1""LCD SCREEN
- Display- HD+ FULL SCREEN
- Resulution 720*1520
- 4GB RAM 
- 64GB ROM
- Battery 2000mAh
- Gsm 850/ 900/ 1800/ 1900/ Wcdma 850/ 2100/ 4G LTE
- Front Camera 8MP
- Rear Camera 8MP

Features
- Face Unlock
- Bluetooth
- WIFI
- Hospot
- Beauty Camera
- Flashlight
- Gravity Sensor
- Smart wake-up

BOX:
1PCS i11
1PCS HANDSFREE
1PCS CABLE
1PCS CHARGER
1PCS TEMPERED GLASS
1PCS SILICON CASE


Warranty Policies:
Phone with 1 YEAR warranty (Motherboard only) 
Lcd (1 Months)
Touch screen (1 Months)
Battery (3 Months)

Warranty does not cover:
Water damaged (even waterproof model) 
LCD cracked (internal n external) 
Drop Damage  
Warranty sticker is broken or had been removed 

Notice:  This is an OEM set and not original set. We provide professional services to our customer and we also makesure our Oem set is in high quality. 


#LENOVO #Smartphone #Android #4GB #32GB #FULLSCREEN #4G #Lte","['""https://cf.shopee.com.my/file/ca1bb94a771982ffef789f21cbc0772f""']"
üî•Mega Saleüî•New Iphone 11 (512GB) With Facelock Function(New OEM Import Set),RM270.00,https://shopee.com.my/üî•Mega-Saleüî•New-Iphone-11-(512GB)-With-Facelock-Function(New-OEM-Import-Set)-i.293805183.5345608888,"** If have any problem, pls contact us first, we can provide good after sales service and try to make u satisfied **


Specification:
‚óè6.1"" Liquid Retina IPS LCD capacitive touchscreen (828x1792pixels)
‚óè8GB RAM +512GB
‚óèDUAL REAR CAMERA LENS (12MP, f/1.8 + 12MP, f/2.4 ) 
+ DUAL FRONT SELFIE CAMERA (12MP, f/2.2 + SL 3D camera)
‚Ä¢ SINGLE SIMCARD (Nano Simcard size)
‚óèQuad-LED dual-tone flash, HDR (photo/panorama)
‚óèNon-removable 3110mAh Power Battery 
‚óèFast Battery Charging 18W 50% in 30min
‚óèQi wireless charging
‚óèFace ID
‚Ä¢android 10.0

2 YEAR warranty
Warranty is NOT COVER by All Manufacturer‚Äôs Warranty if the fault is cause by:
‚Ä¢The warranty sticker is damaged/removed
‚Ä¢Water/Liquid Damage
‚Ä¢Drop Damage
‚Ä¢Physical,LCD & Touch Screen Damage
‚Ä¢Unauthorized RepairÔºàDisassemblyÔºâ
‚Ä¢Unauthorized Third Parties/Modification
‚Ä¢Apple ID & Lock Issues
‚Ä¢Sealed is Tempered or Removed
‚Ä¢No receipt is Presented During Warranty

[Fullset package]
ÂïÜÂìÅËØÑ‰ª∑","['""https://cf.shopee.com.my/file/44fceb97442f29a78312177136d27acf""']"
üí•PROMOTION SALEüí•IPHONE 11 256GB 4ROM  (import set),RM350.00,https://shopee.com.my/üí•PROMOTION-SALEüí•IPHONE-11-256GB-4ROM-(import-set)-i.275354487.7138499092,"‚úéRom 256GB
‚úéCamera 16MP
‚úéFront 13MP
‚úéBattery 4000Mah
‚úéFree Tempered glass
NOTED TO MY DEAR CUSTOMER
==========================
*No refundable cash
*One on one replacement within given period
*One(1) Year Warranty by Local Supplier - Warranty void if the product has been opened by third party, tear off warranty sticker - No warranty for Liquid Damaged or Human Made Damage
üôèüèªDO NOT EXPECT HIGH PERFORMANCE AT 1/4 PRICE FROM THE ORIGINAL ONE **","['""https://cf.shopee.com.my/file/897a9d115abaa7a96bc09061d01b0db2""']"
Apple iPhone 11 (64GB/128GB/256GB),"RM3,399.00 - RM4,099.00",https://shopee.com.my/Apple-iPhone-11-(64GB-128GB-256GB)-i.58359596.4442252675,"**Get 10% Cashback coin. Apply 10% cashback  voucher during checkout.
Example:
Purchase RM1K Product will get 10000 Shopee coins cashback (equivalent to RM100) 
---------------------------------------------------------------------------------------------------------------------------------------------------------------------------------------------
Shoot 4K videos, beautiful portraits and sweeping landscapes with the all-new dual-camera system. Capture your best low-light photos with Night mode. See true-to-life colour in your photos, videos and games on the 6.1-inch Liquid Retina display.3 Experience unprecedented performance with A13 Bionic for gaming, augmented reality (AR) and photography. Do more and charge less with all-day battery life.2 And worry less with water resistance up to 2 metres for 30 minutes.1

Key Feature
6.1-inch Liquid Retina HD LCD display1
Water and dust resistant (2 metres for up to 30 minutes, IP68)1
Dual-camera system with 12MP Ultra Wide and Wide cameras; Night mode, Portrait mode and 4K video up to 60 fps
12MP TrueDepth front camera with Portrait mode, 4K video and slow-motion video
Face ID for secure authentication and Apple Pay
A13 Bionic chip with third-generation Neural Engine
Fast-charge capable
Wireless charging4
iOS 13 with Dark Mode, new tools for editing photos and videos, and brand-new privacy features
What's in the Box

iPhone 11
Lightning to USB Cable
5W USB Power Adapter
EarPods with Lightning Connector
 

Legal
1iPhone 11 is splash, water and dust resistant, and was tested under controlled laboratory conditions with a rating of IP68 under IEC standard 60529 (maximum depth of 2 metres up to 30 minutes). Splash, water and dust resistance are not permanent conditions, and resistance might decrease as a result of normal wear. Do not attempt to charge a wet iPhone; refer to the user guide for cleaning and drying instructions. Liquid damage is not covered under warranty.
2Battery life varies by use and configuration. See www.apple.com/batteries for more information.
3The display has rounded corners. When measured as a rectangle, the iPhone 11 screen is 6.06 inches diagonally. Actual viewable area is less.
4Qi wireless chargers are sold separately.","['""https://cf.shopee.com.my/file/a9a20338b96efe1030e38d8755b315f0""']"
